target_site,target,candidate,reference,delta_rmse,ci_low,ci_high,blocks
brabantse_wal,ahn4_entropy,same_group,different_group,-0.04364514568987554,-0.054211126995885595,-0.032938189545942666,259
brabantse_wal,ahn4_height_cv,same_group,different_group,-0.047068670071017144,-0.05337153168557819,-0.04086810352694672,259
brabantse_wal,ahn4_height_sd_m,same_group,different_group,-0.5514776231483212,-0.6109766183629499,-0.4915851301612447,259
brabantse_wal,ahn4_p95_height_m,same_group,different_group,-1.0874383087012207,-1.2392173091597993,-0.9274298937464336,259
brabantse_wal,ahn4_pulse_penetration,same_group,different_group,-0.016300631999397616,-0.018756802349863808,-0.013833166406950481,259
brabantse_wal,ahn4_sigma_z,same_group,different_group,-0.3607335849488478,-0.4157132351882277,-0.3038423783731722,259
drents_friese_wold_and_leggelderveld,ahn4_entropy,same_group,different_group,-0.09896398004399187,-0.11902030136228534,-0.07895413249160196,276
drents_friese_wold_and_leggelderveld,ahn4_height_cv,same_group,different_group,-0.043695550141438416,-0.051726473117306326,-0.0358538336965312,276
drents_friese_wold_and_leggelderveld,ahn4_height_sd_m,same_group,different_group,-0.8223841709115203,-0.9474853317753154,-0.6882314224981883,276
drents_friese_wold_and_leggelderveld,ahn4_p95_height_m,same_group,different_group,-2.8169650465289493,-3.165631878714747,-2.454021572022772,276
drents_friese_wold_and_leggelderveld,ahn4_pulse_penetration,same_group,different_group,-0.007143595750683927,-0.009972797320600774,-0.004322591403743695,276
drents_friese_wold_and_leggelderveld,ahn4_sigma_z,same_group,different_group,-0.8482391655476373,-0.9524278912769242,-0.731374878034863,276
drentsche_aa,ahn4_entropy,same_group,different_group,-0.001813858570711785,-0.02089429534405334,0.017423868290799806,98
drentsche_aa,ahn4_height_cv,same_group,different_group,-0.010064378251452816,-0.02220897990456086,0.0007176532018123771,98
drentsche_aa,ahn4_height_sd_m,same_group,different_group,0.23836080509322222,0.10526969252092447,0.3802944274621379,98
drentsche_aa,ahn4_p95_height_m,same_group,different_group,1.0334419063089029,0.7038197658079686,1.3746798189365843,98
drentsche_aa,ahn4_pulse_penetration,same_group,different_group,0.01757835890724658,0.011991481580619386,0.022779708021666963,98
drentsche_aa,ahn4_sigma_z,same_group,different_group,0.18565779299954244,0.019669769561119894,0.3597978478134277,98
geleenbeekdal,ahn4_entropy,same_group,different_group,-0.15437412547565682,-0.19797470619800803,-0.10936942283676407,45
geleenbeekdal,ahn4_height_cv,same_group,different_group,-0.057264249492257266,-0.06896116852963663,-0.0445073873148097,45
geleenbeekdal,ahn4_height_sd_m,same_group,different_group,-0.974975982640025,-1.1291441760454168,-0.8052158434961877,45
geleenbeekdal,ahn4_p95_height_m,same_group,different_group,-2.1116979211179183,-2.600266683566376,-1.6055579759077223,45
geleenbeekdal,ahn4_pulse_penetration,same_group,different_group,0.0051826826573550255,-0.0066497587860912975,0.016140723340759597,45
geleenbeekdal,ahn4_sigma_z,same_group,different_group,-1.2271305921363675,-1.4040400777329696,-1.058611856417026,45
geuldal,ahn4_entropy,same_group,different_group,-0.23467824044792,-0.26093333810386243,-0.2071294394850793,206
geuldal,ahn4_height_cv,same_group,different_group,-0.02519943002246973,-0.032009843625725336,-0.017821980745981965,206
geuldal,ahn4_height_sd_m,same_group,different_group,-0.7815485407296843,-0.9368885993157063,-0.6128924912216908,206
geuldal,ahn4_p95_height_m,same_group,different_group,-1.7943799483164913,-2.162896561705566,-1.4294226277201472,206
geuldal,ahn4_pulse_penetration,same_group,different_group,-0.026519027325906074,-0.031111861421439794,-0.022078764524565263,206
geuldal,ahn4_sigma_z,same_group,different_group,-1.098661946556797,-1.255848195638848,-0.932372561144325,206
kennemerland_zuid,ahn4_entropy,same_group,different_group,-0.15302598785615906,-0.17573789804634424,-0.1309920391162795,141
kennemerland_zuid,ahn4_height_cv,same_group,different_group,-0.009335637566789554,-0.015964958128226923,-0.0025461457646638102,141
kennemerland_zuid,ahn4_height_sd_m,same_group,different_group,-0.25165455170089057,-0.3722098423628214,-0.13729489224515806,141
kennemerland_zuid,ahn4_p95_height_m,same_group,different_group,-0.07159988501933734,-0.4415697383963219,0.2894086910319409,141
kennemerland_zuid,ahn4_pulse_penetration,same_group,different_group,0.008773468543369897,0.0025413809535525366,0.014541500883748783,141
kennemerland_zuid,ahn4_sigma_z,same_group,different_group,-0.28271287623997965,-0.3918438163997151,-0.17674914244049558,141
landgoederen_oldenzaal,ahn4_entropy,same_group,different_group,0.14007692849028947,0.11791846347281815,0.16417298987524998,42
landgoederen_oldenzaal,ahn4_height_cv,same_group,different_group,0.062100876218583845,0.04864615954328114,0.0788074263627563,42
landgoederen_oldenzaal,ahn4_height_sd_m,same_group,different_group,0.8450716013916404,0.663137321231375,1.0296889915480005,42
landgoederen_oldenzaal,ahn4_p95_height_m,same_group,different_group,0.14164292761431518,-0.23417350807157408,0.5764263403867556,42
landgoederen_oldenzaal,ahn4_pulse_penetration,same_group,different_group,-0.031055964175583463,-0.037027732774999475,-0.02515420202276735,42
landgoederen_oldenzaal,ahn4_sigma_z,same_group,different_group,0.6732936638788813,0.5162898251318468,0.8426652973296399,42
leenderbos_groote_heide_and_de_plateaux,ahn4_entropy,same_group,different_group,-0.07992105334093838,-0.09354965415300791,-0.06564515984277348,144
leenderbos_groote_heide_and_de_plateaux,ahn4_height_cv,same_group,different_group,-0.026157642538161816,-0.03303959818062608,-0.018823198073165914,144
leenderbos_groote_heide_and_de_plateaux,ahn4_height_sd_m,same_group,different_group,-1.303686446432706,-1.4527227957675892,-1.1482100014072183,144
leenderbos_groote_heide_and_de_plateaux,ahn4_p95_height_m,same_group,different_group,-4.3137991720486815,-4.677631130157366,-3.9179429046024095,144
leenderbos_groote_heide_and_de_plateaux,ahn4_pulse_penetration,same_group,different_group,-0.021347006259492665,-0.02582649872650118,-0.01695176697027127,144
leenderbos_groote_heide_and_de_plateaux,ahn4_sigma_z,same_group,different_group,-1.0400723480168952,-1.1604624972900572,-0.9075540185210333,144
loonse_en_drunense_duinen_and_leemkuilen,ahn4_entropy,same_group,different_group,-0.06720366668398167,-0.08451906540486046,-0.051622915668158874,148
loonse_en_drunense_duinen_and_leemkuilen,ahn4_height_cv,same_group,different_group,-0.018478286426552637,-0.02438054673128275,-0.0130329262621776,148
loonse_en_drunense_duinen_and_leemkuilen,ahn4_height_sd_m,same_group,different_group,-0.23852374599997983,-0.3157042189298169,-0.16365734046070698,148
loonse_en_drunense_duinen_and_leemkuilen,ahn4_p95_height_m,same_group,different_group,-0.7212820519969927,-0.9395809608308131,-0.49896199897861193,148
loonse_en_drunense_duinen_and_leemkuilen,ahn4_pulse_penetration,same_group,different_group,0.003028041388514889,-0.0002445287746843246,0.006232195488611029,148
loonse_en_drunense_duinen_and_leemkuilen,ahn4_sigma_z,same_group,different_group,-0.3732250726056412,-0.4717394312060761,-0.27637194211923594,148
maasduinen,ahn4_entropy,same_group,different_group,-0.043896250750327465,-0.05619855945041905,-0.03107723183516522,214
maasduinen,ahn4_height_cv,same_group,different_group,-0.018953073428273404,-0.023927276127829352,-0.013859989017323885,214
maasduinen,ahn4_height_sd_m,same_group,different_group,-0.5044802678908534,-0.612250371343795,-0.3982340487181704,214
maasduinen,ahn4_p95_height_m,same_group,different_group,-2.189055014544331,-2.4678061477820683,-1.9048181623309064,214
maasduinen,ahn4_pulse_penetration,same_group,different_group,-0.00023670947637574602,-0.002392805504685366,0.001841733756656592,214
maasduinen,ahn4_sigma_z,same_group,different_group,-0.2782766739582506,-0.37212063896118913,-0.19061850555700507,214
meinweg,ahn4_entropy,same_group,different_group,-0.05319660547046812,-0.07693575622087122,-0.030505108109583637,77
meinweg,ahn4_height_cv,same_group,different_group,-0.017365379705249373,-0.02784564087800442,-0.004616924185993182,77
meinweg,ahn4_height_sd_m,same_group,different_group,-1.1927842936665758,-1.3628951603160964,-1.0143588836351607,77
meinweg,ahn4_p95_height_m,same_group,different_group,-4.088417569989706,-4.542964238884216,-3.6206526266155654,77
meinweg,ahn4_pulse_penetration,same_group,different_group,-0.014198713823388949,-0.018605844467448247,-0.009599576162033522,77
meinweg,ahn4_sigma_z,same_group,different_group,-1.0191189591768373,-1.1502975971676939,-0.879194086751272,77
noordhollands_duinreservaat,ahn4_entropy,same_group,different_group,-0.039649762372460845,-0.05877890721895039,-0.021089150629699557,110
noordhollands_duinreservaat,ahn4_height_cv,same_group,different_group,0.0025754738418550527,-0.007562202105307688,0.012821176961214476,110
noordhollands_duinreservaat,ahn4_height_sd_m,same_group,different_group,0.541636319685398,0.40799615870441064,0.669157565919473,110
noordhollands_duinreservaat,ahn4_p95_height_m,same_group,different_group,1.5288081959526965,1.2203478631139373,1.8457783255490945,110
noordhollands_duinreservaat,ahn4_pulse_penetration,same_group,different_group,0.021617583979415995,0.01476360048345017,0.028565555353856745,110
noordhollands_duinreservaat,ahn4_sigma_z,same_group,different_group,0.5317152699427119,0.3983979595434853,0.6603803822182214,110
rijntakken,ahn4_entropy,same_group,different_group,-0.17550688074778314,-0.2245191446216021,-0.1255041956466561,144
rijntakken,ahn4_height_cv,same_group,different_group,-0.1011144195190243,-0.1121259038714032,-0.08974210078799218,144
rijntakken,ahn4_height_sd_m,same_group,different_group,-1.4655356402700481,-1.6911792480784853,-1.2148656129198074,144
rijntakken,ahn4_p95_height_m,same_group,different_group,-2.8426270799104367,-3.5679418944445067,-2.127949277764821,144
rijntakken,ahn4_pulse_penetration,same_group,different_group,-0.000999937649065849,-0.007548375656094248,0.005273301646663434,144
rijntakken,ahn4_sigma_z,same_group,different_group,-1.5611717578262134,-1.7962962114469625,-1.3093872225396281,144
sallandse_heuvelrug,ahn4_entropy,same_group,different_group,-0.06015280542525331,-0.0976537516812207,-0.023909119689536056,69
sallandse_heuvelrug,ahn4_height_cv,same_group,different_group,-0.045720445172949487,-0.06445877513312974,-0.02612488330065164,69
sallandse_heuvelrug,ahn4_height_sd_m,same_group,different_group,-0.8348337976739744,-1.1557285671498954,-0.5071283951360304,69
sallandse_heuvelrug,ahn4_p95_height_m,same_group,different_group,-2.105587690337294,-2.790411276628806,-1.4122848407958442,69
sallandse_heuvelrug,ahn4_pulse_penetration,same_group,different_group,-0.011220906068234254,-0.017121147181769922,-0.005058878399845211,69
sallandse_heuvelrug,ahn4_sigma_z,same_group,different_group,-0.514971657859438,-0.7484113583643288,-0.26282256311120067,69
savelsbos,ahn4_entropy,same_group,different_group,-0.3411786190456301,-0.40685454898529866,-0.2695376075016552,36
savelsbos,ahn4_height_cv,same_group,different_group,-0.030568357132964713,-0.04862137225779895,-0.011655541684867958,36
savelsbos,ahn4_height_sd_m,same_group,different_group,-1.0446348029303871,-1.4016175990869628,-0.6451235954628102,36
savelsbos,ahn4_p95_height_m,same_group,different_group,-2.5356995278802,-3.523246925440408,-1.4077465995541758,36
savelsbos,ahn4_pulse_penetration,same_group,different_group,-0.06757710192162628,-0.07494376186311415,-0.05982461212478932,36
savelsbos,ahn4_sigma_z,same_group,different_group,-1.3686237434631618,-1.7161751082007177,-0.9830884919124275,36
schoorlse_duinen,ahn4_entropy,same_group,different_group,0.06977345908658966,0.03290810768662892,0.10514135364946277,50
schoorlse_duinen,ahn4_height_cv,same_group,different_group,-0.05191682342107157,-0.06350949031123351,-0.040775838797692296,50
schoorlse_duinen,ahn4_height_sd_m,same_group,different_group,-0.37687142521591344,-0.4878307401805321,-0.2640853532476675,50
schoorlse_duinen,ahn4_p95_height_m,same_group,different_group,-0.6505092887871897,-1.0229790529379932,-0.29288090887264234,50
schoorlse_duinen,ahn4_pulse_penetration,same_group,different_group,0.02123685114077399,0.013916325290763863,0.02817728786532401,50
schoorlse_duinen,ahn4_sigma_z,same_group,different_group,-0.3221371153946092,-0.4450577158351898,-0.2062078791589716,50
springendal_and_dal_van_de_mosbeek,ahn4_entropy,same_group,different_group,-0.039448271354112996,-0.06796729618714512,-0.012084114513624318,67
springendal_and_dal_van_de_mosbeek,ahn4_height_cv,same_group,different_group,0.005033108616018231,-0.008500885100875114,0.01831849060036803,67
springendal_and_dal_van_de_mosbeek,ahn4_height_sd_m,same_group,different_group,0.42283779487616524,0.2015887141574182,0.6321305410519908,67
springendal_and_dal_van_de_mosbeek,ahn4_p95_height_m,same_group,different_group,0.8971800611993648,0.17782831976981164,1.6054835401757535,67
springendal_and_dal_van_de_mosbeek,ahn4_pulse_penetration,same_group,different_group,-0.007980552640779882,-0.01231323321198604,-0.0034957055933968113,67
springendal_and_dal_van_de_mosbeek,ahn4_sigma_z,same_group,different_group,0.27972189842960526,0.06428618389596127,0.5089178127792359,67
vecht_en_beneden_reggegebied,ahn4_entropy,same_group,different_group,-0.14372505635730592,-0.16360673133464632,-0.12092167069414958,160
vecht_en_beneden_reggegebied,ahn4_height_cv,same_group,different_group,-0.053332497471293164,-0.06208095022476615,-0.04455486911398906,160
vecht_en_beneden_reggegebied,ahn4_height_sd_m,same_group,different_group,-1.2557855547900472,-1.3863225442098701,-1.115632407872111,160
vecht_en_beneden_reggegebied,ahn4_p95_height_m,same_group,different_group,-3.385999698178328,-3.7296351342753122,-3.001408148858329,160
vecht_en_beneden_reggegebied,ahn4_pulse_penetration,same_group,different_group,-0.02135717265221248,-0.026424364667544532,-0.01579847034476759,160
vecht_en_beneden_reggegebied,ahn4_sigma_z,same_group,different_group,-0.9619803445837747,-1.0602310546218745,-0.8589433084680413,160
veluwe,ahn4_entropy,same_group,different_group,-0.08545250055999273,-0.09294714021756548,-0.07805813537240869,2569
veluwe,ahn4_height_cv,same_group,different_group,-0.029489221795862525,-0.032402631385013494,-0.026469258384159564,2569
veluwe,ahn4_height_sd_m,same_group,different_group,-0.63393801737223,-0.6738150748332185,-0.5940105218351872,2569
veluwe,ahn4_p95_height_m,same_group,different_group,-1.6821133686682446,-1.815077979608551,-1.5368951578326053,2569
veluwe,ahn4_pulse_penetration,same_group,different_group,-0.008936231672174298,-0.010673285868563092,-0.007241220768723517,2569
veluwe,ahn4_sigma_z,same_group,different_group,-0.5573582556094835,-0.5928037221597872,-0.5260023908250888,2569
voornes_duin,ahn4_entropy,same_group,different_group,-0.05998657393495327,-0.08299189403770955,-0.040155708762683984,44
voornes_duin,ahn4_height_cv,same_group,different_group,-0.0231590257267527,-0.030740685351044773,-0.015873984841291697,44
voornes_duin,ahn4_height_sd_m,same_group,different_group,-0.314465665874623,-0.48704405885883123,-0.15253866156034143,44
voornes_duin,ahn4_p95_height_m,same_group,different_group,-0.49831244860626445,-0.9434133207209853,-0.02122732159465099,44
voornes_duin,ahn4_pulse_penetration,same_group,different_group,-0.03943886594415643,-0.05130480454855739,-0.026404536179521945,44
voornes_duin,ahn4_sigma_z,same_group,different_group,-0.22618152451696627,-0.4190746847155475,-0.045736771263859104,44
brabantse_wal,ahn4_entropy,all_other,local_cv,0.0893535706314309,0.07636453528122357,0.10193803280674522,259
brabantse_wal,ahn4_height_cv,all_other,local_cv,0.03476125444954986,0.02777087368913363,0.041431802456761625,259
brabantse_wal,ahn4_height_sd_m,all_other,local_cv,0.24398923592064614,0.18523411819200938,0.29842937352537985,259
brabantse_wal,ahn4_p95_height_m,all_other,local_cv,0.43694935674348323,0.29075881292334677,0.6085203798004433,259
brabantse_wal,ahn4_pulse_penetration,all_other,local_cv,0.04946729496544608,0.04499245982263487,0.05441435076118228,259
brabantse_wal,ahn4_sigma_z,all_other,local_cv,0.19571129041045643,0.14516924500118544,0.24619449967734436,259
drents_friese_wold_and_leggelderveld,ahn4_entropy,all_other,local_cv,0.04531718756796657,0.03348295724866904,0.05685814331123414,276
drents_friese_wold_and_leggelderveld,ahn4_height_cv,all_other,local_cv,0.011397053427820797,0.007354541001280862,0.015252564919745686,276
drents_friese_wold_and_leggelderveld,ahn4_height_sd_m,all_other,local_cv,0.26724130988124484,0.20856987646857655,0.3240023311494049,276
drents_friese_wold_and_leggelderveld,ahn4_p95_height_m,all_other,local_cv,0.8880332835161551,0.7148517547786826,1.0560650105197205,276
drents_friese_wold_and_leggelderveld,ahn4_pulse_penetration,all_other,local_cv,0.008375174083933234,0.006062249539948577,0.010596307055799925,276
drents_friese_wold_and_leggelderveld,ahn4_sigma_z,all_other,local_cv,0.28019212459315535,0.22802863514906857,0.3298405452557645,276
drentsche_aa,ahn4_entropy,all_other,local_cv,0.046624641747177065,0.02004709579387245,0.07254701557786924,98
drentsche_aa,ahn4_height_cv,all_other,local_cv,0.007829113500382928,-0.00017496774664556064,0.015504031220939764,98
drentsche_aa,ahn4_height_sd_m,all_other,local_cv,0.4600127840263629,0.32178010835010723,0.6087406373146799,98
drentsche_aa,ahn4_p95_height_m,all_other,local_cv,2.0254650786139643,1.6062761690563563,2.4405063656296573,98
drentsche_aa,ahn4_pulse_penetration,all_other,local_cv,0.027834891101119613,0.023097390321814064,0.032238819025680855,98
drentsche_aa,ahn4_sigma_z,all_other,local_cv,0.34734604815646,0.210000059413201,0.48596830701424054,98
geleenbeekdal,ahn4_entropy,all_other,local_cv,0.0331606218179642,-0.008768018862570238,0.07147930612323428,45
geleenbeekdal,ahn4_height_cv,all_other,local_cv,0.016070091156860616,-0.0002758773045352776,0.0327592730500475,45
geleenbeekdal,ahn4_height_sd_m,all_other,local_cv,0.24360838849240385,-0.019223860797697494,0.45484796203912775,45
geleenbeekdal,ahn4_p95_height_m,all_other,local_cv,0.17541606219611783,-0.6263807104957946,0.8605818272599651,45
geleenbeekdal,ahn4_pulse_penetration,all_other,local_cv,0.009646630628265901,0.002934275191874854,0.016457039167597987,45
geleenbeekdal,ahn4_sigma_z,all_other,local_cv,0.2728126983865593,0.02286195161123944,0.4924407632535949,45
geuldal,ahn4_entropy,all_other,local_cv,0.0386038085063716,0.024431624598195048,0.05361154948891897,206
geuldal,ahn4_height_cv,all_other,local_cv,0.006618342498869154,0.0012906560507813674,0.011398564316404163,206
geuldal,ahn4_height_sd_m,all_other,local_cv,0.1409232802928304,0.0651749124810167,0.21044110382019535,206
geuldal,ahn4_p95_height_m,all_other,local_cv,0.3710762337375004,0.19032423234325996,0.5540531294288721,206
geuldal,ahn4_pulse_penetration,all_other,local_cv,0.004492317090576729,0.00207444667255081,0.007055260114093176,206
geuldal,ahn4_sigma_z,all_other,local_cv,0.14115459518174478,0.075489290362245,0.20936758916189166,206
kennemerland_zuid,ahn4_entropy,all_other,local_cv,0.007008906636401524,-0.0069997799543487,0.022871613961650345,141
kennemerland_zuid,ahn4_height_cv,all_other,local_cv,0.007210539740454283,-0.0016702588562982515,0.015306362734241455,141
kennemerland_zuid,ahn4_height_sd_m,all_other,local_cv,0.041980408742503195,-0.04389813150855722,0.12889221135187318,141
kennemerland_zuid,ahn4_p95_height_m,all_other,local_cv,0.26958920066585534,0.029298813998485995,0.5035080327853193,141
kennemerland_zuid,ahn4_pulse_penetration,all_other,local_cv,0.04332845458998484,0.03782081123400468,0.04836781546032341,141
kennemerland_zuid,ahn4_sigma_z,all_other,local_cv,0.019002683349228278,-0.06009786835132883,0.09409260455901929,141
landgoederen_oldenzaal,ahn4_entropy,all_other,local_cv,0.21133703657573952,0.17019779122959933,0.248413888275734,42
landgoederen_oldenzaal,ahn4_height_cv,all_other,local_cv,0.02997046506411892,0.01489420756368268,0.045904646644438954,42
landgoederen_oldenzaal,ahn4_height_sd_m,all_other,local_cv,1.462750559604024,1.2205198808168778,1.686021873307367,42
landgoederen_oldenzaal,ahn4_p95_height_m,all_other,local_cv,4.126584448376349,3.399766774395259,4.791178025958585,42
landgoederen_oldenzaal,ahn4_pulse_penetration,all_other,local_cv,0.019977633509140127,0.010116698126896107,0.029037888996313512,42
landgoederen_oldenzaal,ahn4_sigma_z,all_other,local_cv,1.3691239139390992,1.129744200903479,1.5975971200579198,42
leenderbos_groote_heide_and_de_plateaux,ahn4_entropy,all_other,local_cv,0.018347889674273615,0.0005091940678733625,0.03418613865161091,144
leenderbos_groote_heide_and_de_plateaux,ahn4_height_cv,all_other,local_cv,0.010155007431930776,0.003898117033620387,0.016611343399535704,144
leenderbos_groote_heide_and_de_plateaux,ahn4_height_sd_m,all_other,local_cv,0.24319689933812838,0.16366209450093416,0.3250058971563672,144
leenderbos_groote_heide_and_de_plateaux,ahn4_p95_height_m,all_other,local_cv,0.5091162800904361,0.33098988356013076,0.6869517732870034,144
leenderbos_groote_heide_and_de_plateaux,ahn4_pulse_penetration,all_other,local_cv,0.012714995067433975,0.008127824558368702,0.017058873594418832,144
leenderbos_groote_heide_and_de_plateaux,ahn4_sigma_z,all_other,local_cv,0.2191439251894043,0.14240055144200003,0.29784625654409663,144
loonse_en_drunense_duinen_and_leemkuilen,ahn4_entropy,all_other,local_cv,0.024968026507706548,0.00627238034187892,0.0423653006495357,148
loonse_en_drunense_duinen_and_leemkuilen,ahn4_height_cv,all_other,local_cv,0.010569903876161066,0.005626698459920181,0.015473150418911527,148
loonse_en_drunense_duinen_and_leemkuilen,ahn4_height_sd_m,all_other,local_cv,0.0512813434906354,-0.07711047305176014,0.15154439786033994,148
loonse_en_drunense_duinen_and_leemkuilen,ahn4_p95_height_m,all_other,local_cv,0.02754796955370664,-0.27806690953443075,0.25388404066538917,148
loonse_en_drunense_duinen_and_leemkuilen,ahn4_pulse_penetration,all_other,local_cv,0.00022632731622389268,-0.0016459493117518622,0.001991205520654204,148
loonse_en_drunense_duinen_and_leemkuilen,ahn4_sigma_z,all_other,local_cv,0.1509846957092461,0.031529686858998617,0.2528161951524941,148
maasduinen,ahn4_entropy,all_other,local_cv,0.03396171303064849,0.022572140409879482,0.04468168719169339,214
maasduinen,ahn4_height_cv,all_other,local_cv,0.011115072847684898,0.0048658376336437725,0.016997980437689963,214
maasduinen,ahn4_height_sd_m,all_other,local_cv,0.23942812802809055,0.16461153201493947,0.3118292660236608,214
maasduinen,ahn4_p95_height_m,all_other,local_cv,0.4627122052224846,0.32738441081768876,0.610804428665259,214
maasduinen,ahn4_pulse_penetration,all_other,local_cv,0.028810002333571387,0.025531965739474888,0.0319159996303208,214
maasduinen,ahn4_sigma_z,all_other,local_cv,0.3985342516395838,0.33094677949239015,0.46779838888834424,214
meinweg,ahn4_entropy,all_other,local_cv,-0.007407738607695058,-0.027882432089791045,0.012592543935176215,77
meinweg,ahn4_height_cv,all_other,local_cv,-0.0023519901011743866,-0.013090357051945653,0.007749605833892124,77
meinweg,ahn4_height_sd_m,all_other,local_cv,0.23716490884440122,0.1136647841629971,0.3528016549595117,77
meinweg,ahn4_p95_height_m,all_other,local_cv,0.8440000632059186,0.5490214423441973,1.1359990463988427,77
meinweg,ahn4_pulse_penetration,all_other,local_cv,0.005681627524027649,0.0014516924255783183,0.010352110931342867,77
meinweg,ahn4_sigma_z,all_other,local_cv,0.3314857166569003,0.21860052075854058,0.44387736496693864,77
noordhollands_duinreservaat,ahn4_entropy,all_other,local_cv,0.02056362268792153,0.004587796689971826,0.03591847976547627,110
noordhollands_duinreservaat,ahn4_height_cv,all_other,local_cv,0.026944534471372857,0.019356436790390025,0.034757755896404,110
noordhollands_duinreservaat,ahn4_height_sd_m,all_other,local_cv,0.5441068481797582,0.44032542548423015,0.6492728608612459,110
noordhollands_duinreservaat,ahn4_p95_height_m,all_other,local_cv,1.4469093743020056,1.1758985693645527,1.7253140634259818,110
noordhollands_duinreservaat,ahn4_pulse_penetration,all_other,local_cv,0.03707760954770138,0.03130712260931756,0.04323816187025158,110
noordhollands_duinreservaat,ahn4_sigma_z,all_other,local_cv,0.5661147856066083,0.4668329907141032,0.6643983978817525,110
rijntakken,ahn4_entropy,all_other,local_cv,0.011755941220048777,-0.010218163545912463,0.0342986072011601,144
rijntakken,ahn4_height_cv,all_other,local_cv,0.05927846503148357,0.04237646977714171,0.07441043213451295,144
rijntakken,ahn4_height_sd_m,all_other,local_cv,0.7546077993584681,0.5707773642987851,0.9361589779467216,144
rijntakken,ahn4_p95_height_m,all_other,local_cv,1.0943085090940015,0.6789054624419336,1.4802381192836036,144
rijntakken,ahn4_pulse_penetration,all_other,local_cv,0.0023055133111364173,-0.003344150694119584,0.007691299926656205,144
rijntakken,ahn4_sigma_z,all_other,local_cv,0.6751886885023204,0.49808772112647326,0.8466593544004839,144
sallandse_heuvelrug,ahn4_entropy,all_other,local_cv,0.022161306272030418,-0.002932686687907476,0.04805928602342245,69
sallandse_heuvelrug,ahn4_height_cv,all_other,local_cv,-0.0019444824572216884,-0.008995275936305695,0.005043866140956696,69
sallandse_heuvelrug,ahn4_height_sd_m,all_other,local_cv,0.056214692522493115,-0.06301475030937026,0.17402027198962153,69
sallandse_heuvelrug,ahn4_p95_height_m,all_other,local_cv,0.026943758060828493,-0.23616582778744108,0.28060218659905406,69
sallandse_heuvelrug,ahn4_pulse_penetration,all_other,local_cv,-0.0036647872102503476,-0.008736792974200177,0.0013670639248503926,69
sallandse_heuvelrug,ahn4_sigma_z,all_other,local_cv,0.027488630705950978,-0.04294555280027192,0.10276552391657079,69
savelsbos,ahn4_entropy,all_other,local_cv,0.038358199163264745,0.012675973161701007,0.06531329520656773,36
savelsbos,ahn4_height_cv,all_other,local_cv,0.007943541898024806,0.0008579127888809941,0.015518079589225723,36
savelsbos,ahn4_height_sd_m,all_other,local_cv,0.20686895681088435,0.040169434417453596,0.39152790449013825,36
savelsbos,ahn4_p95_height_m,all_other,local_cv,0.5953764954495013,0.10765967807363871,1.1595156643412927,36
savelsbos,ahn4_pulse_penetration,all_other,local_cv,0.016871487847631497,0.01027719227629277,0.02348171567425043,36
savelsbos,ahn4_sigma_z,all_other,local_cv,0.20387201202770266,0.03450466689393536,0.40493877608512324,36
schoorlse_duinen,ahn4_entropy,all_other,local_cv,0.1421417875592671,0.10261543277515704,0.17942109602878958,50
schoorlse_duinen,ahn4_height_cv,all_other,local_cv,0.026725534109030086,0.017921195680264238,0.03534800809873197,50
schoorlse_duinen,ahn4_height_sd_m,all_other,local_cv,0.2224631243987395,0.15348872433332272,0.29343501964677055,50
schoorlse_duinen,ahn4_p95_height_m,all_other,local_cv,0.5315415093382894,0.2502304938177874,0.8578436777980697,50
schoorlse_duinen,ahn4_pulse_penetration,all_other,local_cv,0.03110410741990148,0.025232768489342226,0.03701651010761219,50
schoorlse_duinen,ahn4_sigma_z,all_other,local_cv,0.19081102079508372,0.12237737181232655,0.2581710077081075,50
springendal_and_dal_van_de_mosbeek,ahn4_entropy,all_other,local_cv,0.00985043427206067,-0.012854627439365976,0.03277926020996236,67
springendal_and_dal_van_de_mosbeek,ahn4_height_cv,all_other,local_cv,-0.0006375202763470589,-0.008093005241881378,0.007190335143288306,67
springendal_and_dal_van_de_mosbeek,ahn4_height_sd_m,all_other,local_cv,0.03640839452221811,-0.09627580724458998,0.15489317762785865,67
springendal_and_dal_van_de_mosbeek,ahn4_p95_height_m,all_other,local_cv,0.9023104384552791,0.5693070061636353,1.2399993673846,67
springendal_and_dal_van_de_mosbeek,ahn4_pulse_penetration,all_other,local_cv,0.0015676274425530032,-0.0020499464631481014,0.005350025983236799,67
springendal_and_dal_van_de_mosbeek,ahn4_sigma_z,all_other,local_cv,0.03843337086029708,-0.09959107951622069,0.15568130378198067,67
vecht_en_beneden_reggegebied,ahn4_entropy,all_other,local_cv,0.02364980334506142,0.014775142021955467,0.033059111366820576,160
vecht_en_beneden_reggegebied,ahn4_height_cv,all_other,local_cv,0.005707358763472517,0.0009908121708600806,0.01027289298791248,160
vecht_en_beneden_reggegebied,ahn4_height_sd_m,all_other,local_cv,0.12458681844651875,0.07143054803194417,0.1769142150854099,160
vecht_en_beneden_reggegebied,ahn4_p95_height_m,all_other,local_cv,0.2979839227487915,0.17212530134204573,0.4290033801331786,160
vecht_en_beneden_reggegebied,ahn4_pulse_penetration,all_other,local_cv,0.0013016448583483761,-0.0009421254445772107,0.0034851878304978253,160
vecht_en_beneden_reggegebied,ahn4_sigma_z,all_other,local_cv,0.16688279515184723,0.11683345700738192,0.22153834800078034,160
veluwe,ahn4_entropy,all_other,local_cv,0.0418507992240392,0.03780917755804635,0.04570874226674896,2569
veluwe,ahn4_height_cv,all_other,local_cv,0.01409355388609139,0.01240711727030612,0.01569565900033572,2569
veluwe,ahn4_height_sd_m,all_other,local_cv,0.2598126792376638,0.23764791092127294,0.282328329525258,2569
veluwe,ahn4_p95_height_m,all_other,local_cv,0.6234635257622472,0.5336764288618435,0.7055241455331505,2569
veluwe,ahn4_pulse_penetration,all_other,local_cv,0.009095697680061889,0.008328139887736608,0.009929851352559908,2569
veluwe,ahn4_sigma_z,all_other,local_cv,0.2570870195638483,0.2364629293812588,0.27876123849585527,2569
voornes_duin,ahn4_entropy,all_other,local_cv,0.11878715092311151,0.08432323803220594,0.15171145929988566,44
voornes_duin,ahn4_height_cv,all_other,local_cv,0.04738423366586236,0.030466234270821135,0.06417553692469269,44
voornes_duin,ahn4_height_sd_m,all_other,local_cv,0.7030454199116165,0.4916718232007411,0.9068118549335417,44
voornes_duin,ahn4_p95_height_m,all_other,local_cv,1.3247988551487593,0.8755926822750172,1.836488548481649,44
voornes_duin,ahn4_pulse_penetration,all_other,local_cv,0.003341229364779562,-0.003318738833427727,0.009299697785916388,44
voornes_duin,ahn4_sigma_z,all_other,local_cv,0.622527495104182,0.4080921530502883,0.8148257623081737,44
