cohort,target,budget,method,sites,site_folds,rmse_median,rmse_mean,r2_median,r2_mean,unit_spearman_median,unit_spearman_mean,block_spearman_median,block_spearman_mean,centred_rmse_median,bias_mean
all_site_folds_to_100,ahn4_entropy,0,source_mean,20,100,0.3523427801931761,0.3524530742331253,-0.5011221510984967,-1.0870434273424252,,,,,0.25624253429080945,-1.0742347864923785e-05
all_site_folds_to_100,ahn4_entropy,0,source_ridge,20,100,0.21826516907497256,0.23095518128561668,0.21846065892892136,0.00426014272175052,0.6012233790702971,0.5796142472987015,0.6650605171465249,0.5898904129829509,0.19787003795368516,-0.007589377234224665
all_site_folds_to_100,ahn4_entropy,2,source_offset,20,100,0.23038644150391713,0.24521956588093824,0.151456952935977,-0.05020646429727181,0.6012233790702971,0.5796142472987016,0.6650605171465249,0.5898904129829508,0.19787003795368516,-0.00655446490115747
all_site_folds_to_100,ahn4_entropy,2,source_plus_target_ridge,20,100,0.21663598488234814,0.22956419750217125,0.2262695405090299,0.01921804309458803,0.6068063761157312,0.5808542241639976,0.661672473867596,0.5902607254970719,0.19691348521008184,-0.007235669961169492
all_site_folds_to_100,ahn4_entropy,2,target_only_ridge,20,100,0.4033003394006126,1.2590191738338474,-1.34716117389323,-784.1068209716224,0.02105091696980585,0.03132455850779793,0.02654169360051705,0.03340624299317554,0.3320947853482977,0.07141920177936635
all_site_folds_to_100,ahn4_entropy,2,target_reference_mean,20,100,0.3039161015247581,0.31805036576608237,-0.2588402862215696,-0.5928932980758472,,,,,0.25624253429080945,-0.002400186892914398
all_site_folds_to_100,ahn4_entropy,5,source_offset,20,100,0.2174518383652608,0.2225422788729261,0.24025538815296005,0.1658572108587802,0.6012233790702971,0.5796142472987016,0.6650605171465249,0.5898904129829508,0.19787003795368516,-0.007288228450289707
all_site_folds_to_100,ahn4_entropy,5,source_plus_target_ridge,20,100,0.21661870654589582,0.22912814065792705,0.2265925789145245,0.024404833614145967,0.6068539389342722,0.5812756595409212,0.6658536585365855,0.5904630532567213,0.19688357954932426,-0.007212658497901125
all_site_folds_to_100,ahn4_entropy,5,target_only_ridge,20,100,0.26305850308852896,0.27247108396869923,-0.0625029047680465,-0.15535515585529186,0.30050290173648486,0.2876702775337052,0.3496021220159151,0.3087507392512353,0.23985861635045747,-0.010072114429516318
all_site_folds_to_100,ahn4_entropy,5,target_reference_mean,20,100,0.2783707392650481,0.28971246339023377,-0.1282911716913293,-0.2630608033498411,,,,,0.25624253429080945,-0.011561794516014683
all_site_folds_to_100,ahn4_entropy,10,source_offset,20,100,0.2085295608219131,0.2131952591434339,0.29369719984070425,0.24151759514662083,0.6012233790702971,0.5796142472987016,0.6650605171465249,0.5898904129829508,0.19787003795368516,-0.0038197704457362124
all_site_folds_to_100,ahn4_entropy,10,source_plus_target_ridge,20,100,0.216462885538667,0.228471618318591,0.22798548609751565,0.032586901079239255,0.6061651301090243,0.5817620266654429,0.6662601626016262,0.5909304812203087,0.19686708998395874,-0.007108229233205437
all_site_folds_to_100,ahn4_entropy,10,target_only_ridge,20,100,0.24343243475303306,0.2488774034053749,0.061428624426916045,0.02092206471049668,0.3934112914538196,0.38299908641058134,0.4547702364462589,0.41661186693493935,0.23143142386733975,-0.008382068564682574
all_site_folds_to_100,ahn4_entropy,10,target_reference_mean,20,100,0.2706949348139036,0.279581116877702,-0.0645838551884865,-0.16483890106727472,,,,,0.25624253429080945,-0.008907642241882917
all_site_folds_to_100,ahn4_entropy,25,source_offset,20,100,0.2063619167102046,0.20897598385547594,0.30806236705806356,0.2705657064128896,0.6012233790702971,0.5796142472987016,0.6650605171465249,0.5898904129829508,0.19787003795368516,-0.003456050875510584
all_site_folds_to_100,ahn4_entropy,25,source_plus_target_ridge,20,100,0.21627064976526406,0.2265339687536005,0.23939535904842005,0.05596274260994889,0.6060355587553878,0.5831507307472363,0.6641114982578399,0.5909674176264875,0.1968465993910842,-0.006858232352205204
all_site_folds_to_100,ahn4_entropy,25,target_only_ridge,20,100,0.22099653448703216,0.22223380951357735,0.2192601986883313,0.20204924012374054,0.5269907845093089,0.5018703058045297,0.6025105444476642,0.5453060156799875,0.2116602679905774,-0.0031606110195537772
all_site_folds_to_100,ahn4_entropy,25,target_reference_mean,20,100,0.2628969609947249,0.2730907584590835,-0.03993545680798425,-0.10477507282380008,,,,,0.25624253429080945,-0.005462491432594879
all_site_folds_to_100,ahn4_entropy,50,source_offset,20,100,0.2046637674915131,0.2075627621101161,0.31433103377377114,0.279832645554414,0.6012233790702971,0.5796142472987016,0.6650605171465249,0.5898904129829508,0.19787003795368516,-0.0033334601694480987
all_site_folds_to_100,ahn4_entropy,50,source_plus_target_ridge,20,100,0.21572231142528095,0.22383346853103592,0.24977949545441705,0.08750274475741027,0.6065968325475961,0.5851215006715679,0.6676691729323309,0.592642620778446,0.1967576106505099,-0.006512100528344173
all_site_folds_to_100,ahn4_entropy,50,target_only_ridge,20,100,0.2073159855342595,0.20647127890512365,0.33136277349364807,0.3053974159100553,0.6007629808374113,0.5688299153807871,0.6733076131030096,0.6074862371389704,0.199081756793557,-0.0046936509913381415
all_site_folds_to_100,ahn4_entropy,50,target_reference_mean,20,100,0.2640487263991651,0.2714562075181135,-0.03379261697306585,-0.0918566633521097,,,,,0.25624253429080945,-0.004970917631554233
all_site_folds_to_100,ahn4_entropy,100,source_offset,20,100,0.20423807196650895,0.20683018768141578,0.3167113122062789,0.2874483469028365,0.6012233790702971,0.5796142472987016,0.6650605171465249,0.5898904129829508,0.19787003795368516,0.00031239915852703415
all_site_folds_to_100,ahn4_entropy,100,source_plus_target_ridge,20,100,0.2147595185529907,0.21951003041357614,0.25989554687382005,0.1360819142106006,0.612660928354394,0.5884177949916011,0.6821940971510556,0.5975057356707905,0.1960641514352432,-0.005730639452494197
all_site_folds_to_100,ahn4_entropy,100,target_only_ridge,20,100,0.19602600040366513,0.1956705643914105,0.3962343348037288,0.36810132261786177,0.6467666382330938,0.6103927755248557,0.7163656267104542,0.6459006080488895,0.1898873100549108,-0.00300681726780272
all_site_folds_to_100,ahn4_entropy,100,target_reference_mean,20,100,0.2626905692937296,0.27092661213392205,-0.029980642291493602,-0.08687421442853081,,,,,0.25624253429080945,-0.002326205290722477
all_site_folds_to_100,ahn4_height_cv,0,source_mean,20,100,0.10367296661068964,0.10802538979937394,-0.16067236802422855,-0.4445497680483339,,,,,0.0918202155227743,-5.912577837961092e-06
all_site_folds_to_100,ahn4_height_cv,0,source_ridge,20,100,0.08784117265589195,0.09619986620481205,0.00920290861668075,-0.19766094171374643,0.47708726045668426,0.4581265215728538,0.45105297235238373,0.4140542633398917,0.0828103356041307,-0.002676996510830286
all_site_folds_to_100,ahn4_height_cv,2,source_offset,20,100,0.09637907934938475,0.10277994656267472,-0.0888289446625011,-0.40385281594340905,0.47708726045668426,0.4581265215728538,0.45105297235238373,0.4140542633398917,0.0828103356041307,-0.002114451926724375
all_site_folds_to_100,ahn4_height_cv,2,source_plus_target_ridge,20,100,0.08719984151382676,0.09582527895544336,0.01816975587160475,-0.18636766620281456,0.4812606635528375,0.4602621581427853,0.44732404692082106,0.41494833597039704,0.08257333872674474,-0.0025157722634905648
all_site_folds_to_100,ahn4_height_cv,2,target_only_ridge,20,100,0.14226938822383545,1.277247783010961,-1.253544369790108,-31996.401030699177,0.042723098837247356,0.03287833366293864,0.021666248871105548,0.0314152939837787,0.11938857642875289,-0.40122702349244294
all_site_folds_to_100,ahn4_height_cv,2,target_reference_mean,20,100,0.10713930466014501,0.11227792479475655,-0.22308491499988936,-0.6171847772476322,,,,,0.0918202155227743,-0.0007245018456628739
all_site_folds_to_100,ahn4_height_cv,5,source_offset,20,100,0.0897227471114927,0.0935437393345998,0.0199733691829851,-0.11267023072021841,0.47708726045668426,0.4581265215728538,0.45105297235238373,0.4140542633398917,0.0828103356041307,-0.0035786611442749578
all_site_folds_to_100,ahn4_height_cv,5,source_plus_target_ridge,20,100,0.08715831043186459,0.09567695323005566,0.020293191814211603,-0.18231479911111217,0.4812289257005189,0.46053787885867636,0.45,0.4150909078400095,0.0825629180236752,-0.002497875629311957
all_site_folds_to_100,ahn4_height_cv,5,target_only_ridge,20,100,0.09847522636454845,0.10075489663774538,-0.12601153158093076,-0.2648470078107095,0.26811880632714435,0.23174176630790191,0.24205397301349318,0.21822062142019027,0.0908803145152586,-0.002634105422094414
all_site_folds_to_100,ahn4_height_cv,5,target_reference_mean,20,100,0.1009343664424074,0.10184389703103298,-0.11189123661047096,-0.2684124320152954,,,,,0.0918202155227743,-0.003829525635068691
all_site_folds_to_100,ahn4_height_cv,10,source_offset,20,100,0.0868723851672626,0.08923216543963557,0.07900863561595739,0.0023987194372182353,0.47708726045668426,0.4581265215728538,0.45105297235238373,0.4140542633398917,0.0828103356041307,-0.0008898319570774112
all_site_folds_to_100,ahn4_height_cv,10,source_plus_target_ridge,20,100,0.0871120457410744,0.09544002205860927,0.0189515419650432,-0.17582592115414217,0.48139512805081763,0.4610724198201016,0.45,0.41499582099267945,0.08255821213066815,-0.002427202737004508
all_site_folds_to_100,ahn4_height_cv,10,target_only_ridge,20,100,0.09441132595031865,0.09476573950711152,-0.04864245820686105,-0.10879273774837234,0.322319346655322,0.2968274416611528,0.2870236683339349,0.28219622271746914,0.08885308420920145,-0.00023607969879404155
all_site_folds_to_100,ahn4_height_cv,10,target_reference_mean,20,100,0.09862966348087375,0.09768014693737631,-0.0619558486302248,-0.15046422019173894,,,,,0.0918202155227743,-0.0011103589226057948
all_site_folds_to_100,ahn4_height_cv,25,source_offset,20,100,0.08530933254015476,0.08731829833046799,0.11170407480046535,0.04879479887874446,0.47708726045668426,0.4581265215728538,0.45105297235238373,0.4140542633398917,0.0828103356041307,-0.0019976884256747915
all_site_folds_to_100,ahn4_height_cv,25,source_plus_target_ridge,20,100,0.08701342629601236,0.09478451577066895,0.020436060885138302,-0.15809960175578538,0.4821041998839769,0.4625897094716747,0.4500282326369283,0.4161347578539447,0.08254399306961885,-0.0022688342509198465
all_site_folds_to_100,ahn4_height_cv,25,target_only_ridge,20,100,0.08860514344185465,0.08884851558396513,0.06223077343177265,0.030482345287292552,0.4212776954888531,0.4103849154948502,0.41377470372259895,0.3980039381765054,0.08508897556100235,-0.0003536398654062963
all_site_folds_to_100,ahn4_height_cv,25,target_reference_mean,20,100,0.0966570549356901,0.0955340681020882,-0.0352071402575662,-0.09274205017344704,,,,,0.0918202155227743,-0.0018275373463085087
all_site_folds_to_100,ahn4_height_cv,50,source_offset,20,100,0.08478643924992366,0.08677307955322558,0.1180912006817364,0.06107345249840612,0.47708726045668426,0.4581265215728538,0.45105297235238373,0.4140542633398917,0.0828103356041307,-0.002854648063120503
all_site_folds_to_100,ahn4_height_cv,50,source_plus_target_ridge,20,100,0.0867800779343913,0.09383876706577467,0.02474667855499275,-0.13253712944391027,0.4831530542547954,0.46450213291017733,0.45,0.4174937683512972,0.0825217423616446,-0.0020700256840112123
all_site_folds_to_100,ahn4_height_cv,50,target_only_ridge,20,100,0.08549971562429401,0.08515381370603126,0.12514164019637625,0.10722932658286034,0.46024942140131053,0.46234603567770705,0.4736379509079641,0.45556455880673197,0.08244052095301065,-0.0010040684929616924
all_site_folds_to_100,ahn4_height_cv,50,target_reference_mean,20,100,0.09666692584570286,0.09498244725959501,-0.030060580915794402,-0.0782219568318798,,,,,0.0918202155227743,-0.002929589159910953
all_site_folds_to_100,ahn4_height_cv,100,source_offset,20,100,0.0841692182270217,0.08651568684471703,0.1211902978493663,0.066831150936077,0.47708726045668426,0.4581265215728538,0.45105297235238373,0.4140542633398917,0.0828103356041307,-0.0017317945813306083
all_site_folds_to_100,ahn4_height_cv,100,source_plus_target_ridge,20,100,0.08639454640588985,0.09233340188253167,0.04674576422151365,-0.09283130446040068,0.4844747099519239,0.46803727710456344,0.4567899491812536,0.4234251431572034,0.08242071304159725,-0.0016970976275448495
all_site_folds_to_100,ahn4_height_cv,100,target_only_ridge,20,100,0.0828960779886888,0.08283647184311592,0.16771806017190471,0.15246799686087179,0.4965844746841885,0.49574858794860815,0.5237505742500193,0.4963200641513697,0.08059192064880774,-0.0005411458170397048
all_site_folds_to_100,ahn4_height_cv,100,target_reference_mean,20,100,0.0964143648412472,0.09475849447650397,-0.026803931240393,-0.07201518436074085,,,,,0.0918202155227743,-0.0034605039548626306
all_site_folds_to_100,ahn4_height_sd_m,0,source_mean,20,100,1.4124525226209361,1.535332567962779,-0.48251489152298255,-0.9535881977506372,,,,,1.1535027173261383,3.4351461574348984e-05
all_site_folds_to_100,ahn4_height_sd_m,0,source_ridge,20,100,1.1533835050183212,1.2467035759391487,0.00882948449223855,-0.39692877185219416,0.4600568276028661,0.4524816796823088,0.5485699841109346,0.4900431668267664,1.0296764526212856,-0.05006825394445811
all_site_folds_to_100,ahn4_height_sd_m,2,source_offset,20,100,1.188911553788388,1.2632799386472686,-0.06408584132393755,-0.33634825883334224,0.4600568276028661,0.45248167968230885,0.5485699841109346,0.4900431668267664,1.0296764526212852,-0.033668179946870755
all_site_folds_to_100,ahn4_height_sd_m,2,source_plus_target_ridge,20,100,1.1458376773410746,1.2463207372818708,0.0032517181240261,-0.3923092196185448,0.45704205159056305,0.4511606732746161,0.536947976228336,0.48522729918058227,1.0249499651741658,-0.04895823455377117
all_site_folds_to_100,ahn4_height_sd_m,2,target_only_ridge,20,100,1.8076486405739698,11.539519300290474,-1.2259818436250272,-11576.407763520163,0.0278586789554531,0.02965072623867348,0.013335061792412,0.04151101627035629,1.5004291017927147,-0.4308997232738291
all_site_folds_to_100,ahn4_height_sd_m,2,target_reference_mean,20,100,1.3521870488392043,1.424298993910886,-0.2230550488014171,-0.6346075847652843,,,,,1.1535027173261383,-0.01606289348695901
all_site_folds_to_100,ahn4_height_sd_m,5,source_offset,20,100,1.1173870741478868,1.1333622999362425,0.054367342572949,-0.02878475580178674,0.4600568276028661,0.45248167968230885,0.5485699841109346,0.4900431668267664,1.0296764526212852,-0.056084962502683605
all_site_folds_to_100,ahn4_height_sd_m,5,source_plus_target_ridge,20,100,1.144071904720403,1.2441820689830723,0.0077892588301348,-0.3857829255625772,0.4572456299589772,0.4515161237902877,0.5358554488989272,0.48532400448809393,1.024878011028278,-0.04841893876794368
all_site_folds_to_100,ahn4_height_sd_m,5,target_only_ridge,20,100,1.2281288300812288,1.2649766426477467,-0.10793660754666375,-0.24010047954615849,0.2242119884138569,0.21417400072024925,0.28562717770034846,0.24389006187068957,1.1343489041435224,-0.05672613699552293
all_site_folds_to_100,ahn4_height_sd_m,5,target_reference_mean,20,100,1.2350530823682866,1.2886064051310755,-0.11104638973870926,-0.2718911679270218,,,,,1.1535027173261383,-0.06685100255106119
all_site_folds_to_100,ahn4_height_sd_m,10,source_offset,20,100,1.0854641361382233,1.0934248034393588,0.0916155336028518,0.05640753656690698,0.4600568276028661,0.45248167968230885,0.5485699841109346,0.4900431668267664,1.0296764526212852,-0.012600541293634103
all_site_folds_to_100,ahn4_height_sd_m,10,source_plus_target_ridge,20,100,1.1398475534014278,1.2406433841709013,0.01045100243293295,-0.37450431676703544,0.45778874304681383,0.45205202469214145,0.5358554488989272,0.4856456302576935,1.0254376406217043,-0.04697592877047769
all_site_folds_to_100,ahn4_height_sd_m,10,target_only_ridge,20,100,1.1640523823432645,1.1763194597419806,-0.0108319242776165,-0.0677730107494311,0.31688846840967366,0.30040648156697997,0.38984489428440594,0.3492747092254526,1.1054889198743867,-0.028246290572666196
all_site_folds_to_100,ahn4_height_sd_m,10,target_reference_mean,20,100,1.2124613643365323,1.2432574192745791,-0.06823584055574661,-0.16447518679762,,,,,1.1535027173261383,-0.02840664537046578
all_site_folds_to_100,ahn4_height_sd_m,25,source_offset,20,100,1.0656972868045567,1.0706515468501479,0.1324909534657561,0.0995804288903448,0.4600568276028661,0.45248167968230885,0.5485699841109346,0.4900431668267664,1.0296764526212852,-0.011166950628951794
all_site_folds_to_100,ahn4_height_sd_m,25,source_plus_target_ridge,20,100,1.1352934671797505,1.230577815417548,0.01920198356096655,-0.34308330800412196,0.46198017293467275,0.4535843257295958,0.5385878489326764,0.48672885411004596,1.026010798698328,-0.04340356352567545
all_site_folds_to_100,ahn4_height_sd_m,25,target_only_ridge,20,100,1.0816230161203735,1.0702284444595005,0.14539857463242664,0.1130312584440803,0.44421454064307575,0.4199596230942321,0.5426291637844526,0.4786856976840318,1.0327983076333709,-0.012661162424043111
all_site_folds_to_100,ahn4_height_sd_m,25,target_reference_mean,20,100,1.1940670984718298,1.216101736441136,-0.0461785980008717,-0.10416637250265122,,,,,1.1535027173261383,-0.01980011644933847
all_site_folds_to_100,ahn4_height_sd_m,50,source_offset,20,100,1.0607185162635218,1.0640600871532482,0.14739201220612846,0.11113368510976883,0.4600568276028661,0.45248167968230885,0.5485699841109346,0.4900431668267664,1.0296764526212852,-0.015805816440499797
all_site_folds_to_100,ahn4_height_sd_m,50,source_plus_target_ridge,20,100,1.1268852671014875,1.215854860865011,0.03216425331609765,-0.29846214177422176,0.4697349933113132,0.45595441269099213,0.539135194307608,0.48992684704061906,1.024135908283831,-0.03917841684069211
all_site_folds_to_100,ahn4_height_sd_m,50,target_only_ridge,20,100,1.025655577588629,1.013312884281977,0.23745304777008674,0.19775973533232805,0.49731328090631816,0.48397531136052957,0.6051326871126648,0.5419311416739698,0.9831228024603309,-0.02189034633376238
all_site_folds_to_100,ahn4_height_sd_m,50,target_reference_mean,20,100,1.185674778760366,1.210322103385374,-0.0366178713146637,-0.0929024667165538,,,,,1.1535027173261383,-0.023739418998700655
all_site_folds_to_100,ahn4_height_sd_m,100,source_offset,20,100,1.056726780293743,1.059754286067394,0.1506569648587979,0.1170212836898385,0.4600568276028661,0.45248167968230885,0.5485699841109346,0.4900431668267664,1.0296764526212852,0.020492748139454835
all_site_folds_to_100,ahn4_height_sd_m,100,source_plus_target_ridge,20,100,1.1084147989957203,1.190840601168975,0.0530320197880383,-0.2264293807178757,0.4737776242565542,0.4602788321225219,0.5492610837438424,0.49668205617780276,1.0236294746758774,-0.03182216098506311
all_site_folds_to_100,ahn4_height_sd_m,100,target_only_ridge,20,100,0.9882066246423542,0.9725573905518899,0.27751598575299424,0.25700262211729547,0.5385161962285657,0.5229398807510022,0.6494078718216649,0.5779696913172505,0.9491433444331513,-0.014070178054593768
all_site_folds_to_100,ahn4_height_sd_m,100,target_reference_mean,20,100,1.1841655235766941,1.2079803529926891,-0.03408803682253775,-0.09057021703682253,,,,,1.1535027173261383,0.005840491873281921
all_site_folds_to_100,ahn4_p95_height_m,0,source_mean,20,100,3.5707362006022123,3.9806255195861384,-0.477831621787452,-0.9659267139212213,,,,,2.908364611006748,0.0003745478750777309
all_site_folds_to_100,ahn4_p95_height_m,0,source_ridge,20,100,3.0405597391294146,3.229306643462664,0.03649742623206545,-0.35388002016888565,0.4678328771374005,0.450406101939902,0.5345238095238096,0.5120167185778309,2.539379817410965,-0.11854973779045265
all_site_folds_to_100,ahn4_p95_height_m,2,source_offset,20,100,3.049856651988996,3.271330992557227,-0.0483282442994996,-0.2846272143863682,0.4678328771374005,0.450406101939902,0.5345238095238096,0.5120167185778309,2.539379817410965,-0.08226068473042981
all_site_folds_to_100,ahn4_p95_height_m,2,source_plus_target_ridge,20,100,3.017398706982097,3.222310715602024,0.037886077366600754,-0.34481544001910197,0.47851539198090925,0.4493601638151322,0.5438423645320195,0.513536607790527,2.5346727038750587,-0.11647683404829887
all_site_folds_to_100,ahn4_p95_height_m,2,target_only_ridge,20,100,4.67967794212,18.778694258535435,-1.1312620903527777,-3300.8980741629566,0.03470495929218155,0.03611866337514955,0.04815925235664315,0.04222879951506997,3.8768038993586,5.5274894104386965
all_site_folds_to_100,ahn4_p95_height_m,2,target_reference_mean,20,100,3.5363894629314183,3.744149505556845,-0.265376356756732,-0.6197425655126529,,,,,2.908364611006748,-0.029522071933860777
all_site_folds_to_100,ahn4_p95_height_m,5,source_offset,20,100,2.860150809338382,2.95490494821835,0.07108907998050505,-0.013382880319146277,0.4678328771374005,0.450406101939902,0.5345238095238096,0.5120167185778309,2.5393798174109654,-0.11088942089665658
all_site_folds_to_100,ahn4_p95_height_m,5,source_plus_target_ridge,20,100,3.0153326455400364,3.2172747955622394,0.0382458557792175,-0.33851901727752853,0.47869591705798603,0.44965147667125377,0.5455142558590833,0.513190411106156,2.5334424830911586,-0.11517934389418572
all_site_folds_to_100,ahn4_p95_height_m,5,target_only_ridge,20,100,3.1622385676971563,3.3066669027760804,-0.1125842610112862,-0.21485872227807062,0.2244286440430909,0.2119862411790423,0.2969696969696969,0.25686672688080303,2.883769735096933,-0.15766715075965868
all_site_folds_to_100,ahn4_p95_height_m,5,target_reference_mean,20,100,3.3110837925674987,3.38785234900439,-0.1227884810636702,-0.2673095359225353,,,,,2.908364611006748,-0.1371990843774033
all_site_folds_to_100,ahn4_p95_height_m,10,source_offset,20,100,2.7713362837097595,2.8479856583289056,0.1025862431097206,0.0732826719358998,0.4678328771374005,0.450406101939902,0.5345238095238096,0.5120167185778309,2.539379817410965,-0.0297909018613972
all_site_folds_to_100,ahn4_p95_height_m,10,source_plus_target_ridge,20,100,3.013286999355884,3.2086857127876094,0.039062273746488,-0.32792447444071054,0.4791892648099545,0.4500473638302435,0.5438423645320195,0.5130140619259208,2.530819265498809,-0.11212535417393464
all_site_folds_to_100,ahn4_p95_height_m,10,target_only_ridge,20,100,2.9512461704692905,3.072539343743492,0.017263318368250548,-0.04615214645655049,0.3317033050720901,0.3081334112085142,0.4175497208105904,0.37355165865835444,2.7425109543946284,-0.11091597347666564
all_site_folds_to_100,ahn4_p95_height_m,10,target_reference_mean,20,100,3.245309839969493,3.2713875592251904,-0.06975220243419765,-0.16323257388161086,,,,,2.908364611006748,-0.07019243860256204
all_site_folds_to_100,ahn4_p95_height_m,25,source_offset,20,100,2.7467738522486007,2.7906018299046074,0.15123632210223795,0.11097629468261637,0.4678328771374005,0.450406101939902,0.5345238095238096,0.5120167185778309,2.5393798174109654,-0.0020761699741536177
all_site_folds_to_100,ahn4_p95_height_m,25,source_plus_target_ridge,20,100,2.9989487331169737,3.1841714489141495,0.04232793010542315,-0.29794923698428405,0.47938206879586187,0.45138477939779137,0.5474386724386726,0.5152452379658156,2.5254413872795296,-0.10382989385347016
all_site_folds_to_100,ahn4_p95_height_m,25,target_only_ridge,20,100,2.6394886651739284,2.7891902321607844,0.1621713650900708,0.1362518227470329,0.44567151225030344,0.4121925679627333,0.5345145258358219,0.48880428746503657,2.5266909333158742,-0.04807121391798951
all_site_folds_to_100,ahn4_p95_height_m,25,target_reference_mean,20,100,3.161373512722472,3.1997613040740736,-0.042389878162044606,-0.10739071089113403,,,,,2.908364611006748,-0.0274161562157822
all_site_folds_to_100,ahn4_p95_height_m,50,source_offset,20,100,2.7754994231929624,2.7753731873315077,0.17584376760697715,0.12192530927344179,0.4678328771374005,0.450406101939902,0.5345238095238096,0.5120167185778309,2.5393798174109654,0.0023598634844421273
all_site_folds_to_100,ahn4_p95_height_m,50,source_plus_target_ridge,20,100,2.9767154442624415,3.1479711542942295,0.04659878225819525,-0.25518148902169924,0.4802747244449547,0.4533067856482037,0.5468861547808916,0.5153245460152122,2.5164833053431255,-0.09398072093185673
all_site_folds_to_100,ahn4_p95_height_m,50,target_only_ridge,20,100,2.5173013284542667,2.6344833143027753,0.2601257602679309,0.22323270201139145,0.5008354056149035,0.47854568026811967,0.6045114707711823,0.5597305013835091,2.380159301841669,-0.05704544476391361
all_site_folds_to_100,ahn4_p95_height_m,50,target_reference_mean,20,100,3.162317455038934,3.182074488972577,-0.0373300670284233,-0.09349360911113805,,,,,2.908364611006748,-0.021284983883018527
all_site_folds_to_100,ahn4_p95_height_m,100,source_offset,20,100,2.7619109570148828,2.768656315749742,0.1801406592519627,0.12462752822649645,0.4678328771374005,0.450406101939902,0.5345238095238096,0.5120167185778309,2.539379817410966,0.10450855656018615
all_site_folds_to_100,ahn4_p95_height_m,100,source_plus_target_ridge,20,100,2.9498197094289873,3.0861456419679456,0.05475618434804645,-0.18605455912019356,0.4855675473951335,0.4563480343148995,0.5503759398496241,0.5166049749690602,2.502119547121405,-0.07843663333873054
all_site_folds_to_100,ahn4_p95_height_m,100,target_only_ridge,20,100,2.4116346984404196,2.5161174337948564,0.3291521140488285,0.28599857590218325,0.5305085828062974,0.5161178243069482,0.6432330827067669,0.5947663281776824,2.326581135249773,-0.04093946189534379
all_site_folds_to_100,ahn4_p95_height_m,100,target_reference_mean,20,100,3.180322841524667,3.1792109000655597,-0.0316056510327238,-0.09426367954253764,,,,,2.908364611006748,0.08076076686847679
all_site_folds_to_100,ahn4_pulse_penetration,0,source_mean,20,100,0.06559330445456985,0.06780547384745729,-0.16259368654984435,-0.3766215566116194,,,,,0.059117510124040304,-2.9300769084036962e-05
all_site_folds_to_100,ahn4_pulse_penetration,0,source_ridge,20,100,0.052540658436954255,0.05517344528160433,0.15560461340277645,-0.07707263626110417,0.6627541741777297,0.623254597073975,0.7101600985221673,0.6326613340537852,0.0406474172414277,-0.0012452494464545612
all_site_folds_to_100,ahn4_pulse_penetration,2,source_offset,20,100,0.04892218165596935,0.052184914862165505,0.2932068321652921,0.06923107435342374,0.6627541741777297,0.6232545970739751,0.7101600985221673,0.6326613340537851,0.0406474172414277,0.0021410425882978836
all_site_folds_to_100,ahn4_pulse_penetration,2,source_plus_target_ridge,20,100,0.05309557381604835,0.05483203273343217,0.1549654181124025,-0.06630314912187052,0.6675486829515767,0.624721819164472,0.705947405085336,0.6339641803039902,0.0404442896660773,-0.0014111189422942212
all_site_folds_to_100,ahn4_pulse_penetration,2,target_only_ridge,20,100,0.09258457447734356,0.42790991723945176,-1.2883435564329997,-3202.30158636115,0.0365729136388664,0.02858729753498336,0.02124221558566535,0.023649588431297903,0.07569642281733,-0.030824573266242102
all_site_folds_to_100,ahn4_pulse_penetration,2,target_reference_mean,20,100,0.07094126842284615,0.07366163621528331,-0.28491618778406386,-0.6201997483273792,,,,,0.059117510124040304,0.0011822173022161227
all_site_folds_to_100,ahn4_pulse_penetration,5,source_offset,20,100,0.04524595135531785,0.047355309610321986,0.372128947041364,0.27060939255111705,0.6627541741777297,0.6232545970739751,0.7101600985221673,0.6326613340537851,0.0406474172414277,0.0016178595296760094
all_site_folds_to_100,ahn4_pulse_penetration,5,source_plus_target_ridge,20,100,0.052685994177092396,0.0546814994265915,0.15474913029340348,-0.059338757257058526,0.6674531589204181,0.6248828433577501,0.709605911330049,0.6335747571550219,0.040437288463857954,-0.0013934528856690644
all_site_folds_to_100,ahn4_pulse_penetration,5,target_only_ridge,20,100,0.05972502996953665,0.06204853697862792,-0.047538257100255804,-0.1383733474662432,0.31292213494283005,0.3012643831363839,0.3528614088145643,0.31616878285450106,0.0550970016316679,0.0007154560500906859
all_site_folds_to_100,ahn4_pulse_penetration,5,target_reference_mean,20,100,0.0643367438163623,0.06618435225322246,-0.12112779747158806,-0.2594307842835982,,,,,0.059117510124040304,0.001207166894568035
all_site_folds_to_100,ahn4_pulse_penetration,10,source_offset,20,100,0.043380732720797496,0.045179134453777,0.4386321456102772,0.3449938296761392,0.6627541741777297,0.6232545970739751,0.7101600985221673,0.6326613340537851,0.0406474172414277,0.0007724155579702329
all_site_folds_to_100,ahn4_pulse_penetration,10,source_plus_target_ridge,20,100,0.05224792726302655,0.05447114484593159,0.1551833780799114,-0.049743840706050306,0.6676762520024271,0.6250556189257086,0.7118226600985219,0.6334794227593329,0.0404415890069475,-0.0013771065382692281
all_site_folds_to_100,ahn4_pulse_penetration,10,target_only_ridge,20,100,0.054367198136558645,0.05551863400564055,0.14299308075371606,0.08465505167378053,0.4723588318270585,0.4272718090877473,0.518150719012788,0.45505127095650405,0.05184479781107195,0.0016616611097984605
all_site_folds_to_100,ahn4_pulse_penetration,10,target_reference_mean,20,100,0.0621336227743887,0.06380468376346904,-0.0678188976422443,-0.15078722762350222,,,,,0.059117510124040304,0.001040611044919024
all_site_folds_to_100,ahn4_pulse_penetration,25,source_offset,20,100,0.042100742616766496,0.04403105195273574,0.46506388553337535,0.3796399793557236,0.6627541741777297,0.6232545970739751,0.7101600985221673,0.6326613340537851,0.0406474172414277,0.0010453710510463486
all_site_folds_to_100,ahn4_pulse_penetration,25,source_plus_target_ridge,20,100,0.051385649773853695,0.05384597037505312,0.17866965623294379,-0.021381072924009963,0.6673341782064129,0.6256561815166454,0.7118226600985219,0.6329072692893619,0.04042815912283375,-0.0012989710954411221
all_site_folds_to_100,ahn4_pulse_penetration,25,target_only_ridge,20,100,0.047446065852861,0.04827429405895292,0.3535992302263957,0.2944046997591434,0.6237217629053653,0.5555707092657881,0.6536907536907538,0.5792384479859612,0.04606750154491615,0.0013075750273123124
all_site_folds_to_100,ahn4_pulse_penetration,25,target_reference_mean,20,100,0.0612200161265625,0.06224985159267443,-0.034047376339649,-0.09116289434904787,,,,,0.059117510124040304,0.0013509816942791448
all_site_folds_to_100,ahn4_pulse_penetration,50,source_offset,20,100,0.0418316527515675,0.043727870295327,0.468888961345193,0.3869728448241059,0.6627541741777297,0.6232545970739751,0.7101600985221673,0.6326613340537851,0.0406474172414277,0.0012672654882264836
all_site_folds_to_100,ahn4_pulse_penetration,50,source_plus_target_ridge,20,100,0.050812319932195246,0.052950717348229065,0.21737073993114892,0.01786945376301636,0.6677000820912236,0.626320909181373,0.7133004926108373,0.632863982793208,0.040407722802423496,-0.001195202659481351
all_site_folds_to_100,ahn4_pulse_penetration,50,target_only_ridge,20,100,0.043704118877651896,0.04444262575023063,0.46645733417423185,0.3936259824608227,0.6853744872129529,0.6163809189060229,0.7,0.630898186882267,0.042786847965410005,0.001406971305494909
all_site_folds_to_100,ahn4_pulse_penetration,50,target_reference_mean,20,100,0.060760783240852004,0.06184799196935817,-0.02854708902359865,-0.07633336803099852,,,,,0.059117510124040304,0.0011827872507701597
all_site_folds_to_100,ahn4_pulse_penetration,100,source_offset,20,100,0.0415002014881027,0.04366117604922231,0.4716137231312374,0.3870791766395879,0.6627541741777297,0.6232545970739751,0.7101600985221673,0.6326613340537851,0.0406474172414277,0.0011386394685337852
all_site_folds_to_100,ahn4_pulse_penetration,100,source_plus_target_ridge,20,100,0.04931624193236275,0.05152123874671237,0.23514048603916393,0.07901063803515498,0.6675519832566885,0.6277075724939054,0.7142857142857143,0.6325238496358745,0.040374819092049444,-0.001014193421131461
all_site_folds_to_100,ahn4_pulse_penetration,100,target_only_ridge,20,100,0.041599619316792597,0.0421891104948328,0.5331095270081656,0.44808911716975014,0.7018118122502095,0.6518121775632627,0.7328320802005013,0.663557532766885,0.04057686266060925,0.0012173092820170334
all_site_folds_to_100,ahn4_pulse_penetration,100,target_reference_mean,20,100,0.0608263734382027,0.061647136698223144,-0.02852288545243925,-0.07036922458515316,,,,,0.059117510124040304,0.0007228006189557705
all_site_folds_to_100,ahn4_sigma_z,0,source_mean,20,100,1.332652196707922,1.486498262831809,-0.7399794239242289,-1.120034184183776,,,,,1.041503964911815,-2.991135183706639e-05
all_site_folds_to_100,ahn4_sigma_z,0,source_ridge,20,100,1.0963463021181263,1.1912366533195096,-0.04898720228410175,-0.4330453516109156,0.419380676274527,0.4287785870331029,0.49931581828133553,0.47860489315079774,0.9539312133929694,-0.047570548332574784
all_site_folds_to_100,ahn4_sigma_z,2,source_offset,20,100,1.114144927398242,1.1861806896153313,-0.09442767932551979,-0.3723721713295301,0.419380676274527,0.4287785870331029,0.49931581828133553,0.4786048931507978,0.9539312133929694,-0.030337150484637816
all_site_folds_to_100,ahn4_sigma_z,2,source_plus_target_ridge,20,100,1.0974761860733397,1.1895893236028776,-0.0489497449394197,-0.4271220627951844,0.4205371381563035,0.4281549483909947,0.5161881596664205,0.47650852326178855,0.9517206210876665,-0.04635382284941024
all_site_folds_to_100,ahn4_sigma_z,2,target_only_ridge,20,100,1.6309926380584474,6.191230698806863,-1.2395679636370613,-2913.03851117117,0.0187678681455412,0.02579692870576685,0.01686991869918695,0.030663316192069887,1.3225676389830507,0.4217383675414406
all_site_folds_to_100,ahn4_sigma_z,2,target_reference_mean,20,100,1.2240719745896924,1.300797070243517,-0.22118880124466755,-0.623060034327928,,,,,1.041503964911815,-0.019211071005451646
all_site_folds_to_100,ahn4_sigma_z,5,source_offset,20,100,1.0463125977643677,1.0666788942889944,0.02700729617020975,-0.05628246782236835,0.419380676274527,0.4287785870331029,0.49931581828133553,0.4786048931507978,0.9539312133929692,-0.04293024791297897
all_site_folds_to_100,ahn4_sigma_z,5,source_plus_target_ridge,20,100,1.095952708624002,1.187519460625763,-0.0479299145067827,-0.4207711659207333,0.4206322799429395,0.4284334204943359,0.5161881596664205,0.47631596684890676,0.9517732782110397,-0.045668260236843124
all_site_folds_to_100,ahn4_sigma_z,5,target_only_ridge,20,100,1.130045152467487,1.1669929648545154,-0.12343982956554561,-0.2436333378141339,0.22859889756060864,0.21340596776989265,0.29991530208921513,0.23900025307504863,1.0392083131035252,-0.040307939485877756
all_site_folds_to_100,ahn4_sigma_z,5,target_reference_mean,20,100,1.152315599911642,1.1863709352225167,-0.1226850723271134,-0.2781708653016825,,,,,1.041503964911815,-0.04809905783234832
all_site_folds_to_100,ahn4_sigma_z,10,source_offset,20,100,1.0176701347975246,1.0265136698116029,0.07337619161562864,0.033453169589515844,0.419380676274527,0.4287785870331029,0.49931581828133553,0.4786048931507978,0.9539312133929692,-0.0023850734317295945
all_site_folds_to_100,ahn4_sigma_z,10,source_plus_target_ridge,20,100,1.0966638718714876,1.183996435839825,-0.0464802953458337,-0.40967606149767494,0.4205594872544829,0.4289421077039234,0.5174809844886571,0.4769927632157627,0.9516433352785204,-0.04415341193725378
all_site_folds_to_100,ahn4_sigma_z,10,target_only_ridge,20,100,1.0712123147245234,1.0843773496566602,-0.01706981090943065,-0.06561806001458878,0.3160413569317145,0.2978495275939432,0.39782368015126635,0.3473047721166209,1.000537379658162,-0.019412224236967743
all_site_folds_to_100,ahn4_sigma_z,10,target_reference_mean,20,100,1.1049699402445037,1.1394880343610436,-0.06575978903274066,-0.1602535497993653,,,,,1.041503964911815,-0.018866257241356342
all_site_folds_to_100,ahn4_sigma_z,25,source_offset,20,100,0.9982355564310648,1.0057968058180946,0.09137417908005516,0.07589506501269169,0.419380676274527,0.4287785870331029,0.49931581828133553,0.4786048931507978,0.9539312133929692,-0.005046659220328769
all_site_folds_to_100,ahn4_sigma_z,25,source_plus_target_ridge,20,100,1.0867715469717925,1.1741455048701073,-0.04158209318849135,-0.379231954967566,0.4214881855937209,0.4303005822412494,0.5177865612648223,0.47920666568727927,0.9510862819600006,-0.04047247358874328
all_site_folds_to_100,ahn4_sigma_z,25,target_only_ridge,20,100,0.9958573817319549,0.9983867945095848,0.12932853696410196,0.09583700935983964,0.42763270163832856,0.40918279898205,0.5320068388880821,0.4718540096008698,0.9537270349807154,-0.00806016909285008
all_site_folds_to_100,ahn4_sigma_z,25,target_reference_mean,20,100,1.0928624707178392,1.1150831667497323,-0.0473292070597478,-0.1031367148607287,,,,,1.041503964911815,-0.012192643161404103
all_site_folds_to_100,ahn4_sigma_z,50,source_offset,20,100,0.9841133570006895,0.9995098984652341,0.0985816302563821,0.08861136332828025,0.419380676274527,0.4287785870331029,0.49931581828133553,0.4786048931507978,0.9539312133929692,-0.007946954143475429
all_site_folds_to_100,ahn4_sigma_z,50,source_plus_target_ridge,20,100,1.079659882954672,1.1595181376938453,-0.035004478978419004,-0.3353630576193811,0.42450977639167486,0.43242441991823616,0.5333333333333333,0.48264359411974844,0.9503330747287966,-0.03576434117417461
all_site_folds_to_100,ahn4_sigma_z,50,target_only_ridge,20,100,0.9531627336305508,0.9482261597659662,0.22316765953171364,0.18032892468510603,0.48477529752614046,0.4722745024721813,0.5984653277756725,0.5343126346218245,0.9116463656045724,-0.015567723056735462
all_site_folds_to_100,ahn4_sigma_z,50,target_reference_mean,20,100,1.0933614625983625,1.1090288414578415,-0.04096309072468615,-0.08972707213500979,,,,,1.041503964911815,-0.013875171745407542
all_site_folds_to_100,ahn4_sigma_z,100,source_offset,20,100,0.9782696363033601,0.9956890130250095,0.10001566837839335,0.09478252130101493,0.419380676274527,0.4287785870331029,0.49931581828133553,0.4786048931507978,0.9539312133929692,0.024167855229370303
all_site_folds_to_100,ahn4_sigma_z,100,source_plus_target_ridge,20,100,1.0611362551645298,1.1346045009144958,-0.027194329682408952,-0.26390588605721105,0.4286258363747416,0.4363339507288686,0.5358511220580187,0.4870545571545203,0.9487740429538254,-0.02812587261382292
all_site_folds_to_100,ahn4_sigma_z,100,target_only_ridge,20,100,0.9243536595701226,0.9129127576200798,0.26324680666943867,0.23664803171189389,0.5200448683155079,0.5112675580501751,0.632052047569289,0.5685874403998482,0.8863814965842816,-0.010216451894481166
all_site_folds_to_100,ahn4_sigma_z,100,target_reference_mean,20,100,1.0877758319816506,1.1067485116346587,-0.034924138907056104,-0.08682796637051117,,,,,1.041503964911815,0.013039251351964508
matched_200_eligible_folds,ahn4_entropy,0,source_mean,19,87,0.347285360451469,0.3478091146479835,-0.4176057852175618,-0.960067211591748,,,,,0.2586027129826523,0.02927433400176379
matched_200_eligible_folds,ahn4_entropy,0,source_ridge,19,87,0.2103977050091799,0.22538635640990928,0.2831108884768447,0.08775194143069323,0.6239681066206942,0.612528209699789,0.6980295566502462,0.6148064235334786,0.1960769281125542,-0.011405394684569149
matched_200_eligible_folds,ahn4_entropy,2,source_offset,19,87,0.22812158965485405,0.24231586157698493,0.19634934004008545,0.017476519192914295,0.6239681066206942,0.6125282096997889,0.6980295566502462,0.6148064235334785,0.1960769281125542,-0.01032016825459902
matched_200_eligible_folds,ahn4_entropy,2,source_plus_target_ridge,19,87,0.20860508130376748,0.2242631685743865,0.28507388916481785,0.09820033920464696,0.6279191393429036,0.6140753197067311,0.7009852216748766,0.6153628779908624,0.19573942244999334,-0.010632595775702218
matched_200_eligible_folds,ahn4_entropy,2,target_only_ridge,19,87,0.41217543719699695,1.3542514786735491,-1.3834643156664947,-897.4988344084751,0.02269048443562725,0.03531563700326102,0.0298984935386277,0.040164508942592325,0.3373008327172399,0.08597839133867739
matched_200_eligible_folds,ahn4_entropy,2,target_reference_mean,19,87,0.31132427641557936,0.32391205831508285,-0.2659704293375464,-0.5827991106006757,,,,,0.2586027129826523,-0.0053397203778026295
matched_200_eligible_folds,ahn4_entropy,5,source_offset,19,87,0.21495252306242255,0.21973236234257346,0.2880555422968548,0.22566312914131356,0.6239681066206942,0.6125282096997889,0.6980295566502462,0.6148064235334785,0.1960769281125542,-0.010777725931575553
matched_200_eligible_folds,ahn4_entropy,5,source_plus_target_ridge,19,87,0.20835945385659244,0.22381016797265263,0.297689537597588,0.10368088102419526,0.6307120845256439,0.6145150414613403,0.703670745272525,0.6158549301005256,0.1957352892139373,-0.01056218189428388
matched_200_eligible_folds,ahn4_entropy,5,target_only_ridge,19,87,0.2652566991142333,0.27483205962232776,-0.040805021534514097,-0.12240920734020776,0.3301007473378186,0.312130591009347,0.38319626044583593,0.33704723245010143,0.2431595418515336,-0.013118428895263079
matched_200_eligible_folds,ahn4_entropy,5,target_reference_mean,19,87,0.28499656571647275,0.29455284099770085,-0.12724709599022485,-0.24857303915672507,,,,,0.2586027129826523,-0.015428690107215195
matched_200_eligible_folds,ahn4_entropy,10,source_offset,19,87,0.20637785945839848,0.21048872208269231,0.3388988992225247,0.2909629163625712,0.6239681066206942,0.6125282096997889,0.6980295566502462,0.6148064235334785,0.1960769281125542,-0.005578156876530727
matched_200_eligible_folds,ahn4_entropy,10,source_plus_target_ridge,19,87,0.20811639665897058,0.22316702895144971,0.2994901154327396,0.11181188931318793,0.6312015467645833,0.6150210311787567,0.703670745272525,0.6161379368158995,0.1957446515357876,-0.010334735406486616
matched_200_eligible_folds,ahn4_entropy,10,target_only_ridge,19,87,0.244859167294103,0.25002480121431975,0.0846342446572464,0.05533068636014498,0.4291768048155805,0.41519135794225237,0.4840719250764227,0.4477672849777131,0.23285878712936914,-0.01173169949240807
matched_200_eligible_folds,ahn4_entropy,10,target_reference_mean,19,87,0.2803774508453206,0.2841566590047078,-0.06262356429337586,-0.1536136062637606,,,,,0.2586027129826523,-0.010715148851615059
matched_200_eligible_folds,ahn4_entropy,25,source_offset,19,87,0.20196574342278356,0.2063177492663725,0.35083294687637956,0.3197548507017334,0.6239681066206942,0.6125282096997889,0.6980295566502462,0.6148064235334785,0.1960769281125542,-0.0063427913858926065
matched_200_eligible_folds,ahn4_entropy,25,source_plus_target_ridge,19,87,0.20759462151343627,0.2211833426698915,0.31680354989641624,0.1360426807758013,0.6308870178851123,0.6163949306895914,0.703670745272525,0.6165757250918974,0.19564000019451025,-0.00986331065221271
matched_200_eligible_folds,ahn4_entropy,25,target_only_ridge,19,87,0.22212415857845796,0.22232450670460452,0.24669732693431265,0.23268907096109978,0.5676560844091698,0.5348562345540608,0.6320054945054945,0.5868272589812494,0.21228732933037034,-0.006013545518656032
matched_200_eligible_folds,ahn4_entropy,25,target_reference_mean,19,87,0.27093510074400085,0.27800340563803083,-0.0412674802992737,-0.09851226962525611,,,,,0.2586027129826523,-0.007289560413734441
matched_200_eligible_folds,ahn4_entropy,50,source_offset,19,87,0.20111790152771825,0.2045578282793449,0.3642343324405358,0.33429503171791713,0.6239681066206942,0.6125282096997889,0.6980295566502462,0.6148064235334785,0.1960769281125542,-0.007017169565724373
matched_200_eligible_folds,ahn4_entropy,50,source_plus_target_ridge,19,87,0.20726896672756362,0.21846741041876325,0.32737267638253775,0.16823165046287472,0.6311810507150086,0.6183914795968758,0.7049261083743841,0.6195096054128528,0.19547353316580152,-0.009171046876833719
matched_200_eligible_folds,ahn4_entropy,50,target_only_ridge,19,87,0.20823316307784978,0.20577921051214806,0.367472705396531,0.33606065592861195,0.634281297222638,0.5964535147034511,0.708327960221991,0.6465061069690188,0.1997665819182689,-0.008342226314685073
matched_200_eligible_folds,ahn4_entropy,50,target_reference_mean,19,87,0.26820518742210314,0.27620454186914917,-0.034164003901398704,-0.0823378487329938,,,,,0.2586027129826523,-0.0079805068008829
matched_200_eligible_folds,ahn4_entropy,100,source_offset,19,87,0.20008749863700664,0.20387979834834308,0.36834259054132623,0.3394924984898389,0.6239681066206942,0.6125282096997889,0.6980295566502462,0.6148064235334785,0.1960769281125542,-0.004097130073886392
matched_200_eligible_folds,ahn4_entropy,100,source_plus_target_ridge,19,87,0.20669495708139524,0.21412931855421577,0.3343101250553277,0.21717725981765434,0.6312095945363525,0.6216478332581149,0.709090909090909,0.6252143351741682,0.1950361348418736,-0.007806663689369721
matched_200_eligible_folds,ahn4_entropy,100,target_only_ridge,19,87,0.19530877185412585,0.19424824101584787,0.42744098962586424,0.4010495908706316,0.6697242997483478,0.6372721325933929,0.7439774424358602,0.6880176819237525,0.1878145914779321,-0.0062087095286488545
matched_200_eligible_folds,ahn4_entropy,100,target_reference_mean,19,87,0.2693594525895035,0.2757687370695462,-0.030556512595938598,-0.07868391611302467,,,,,0.2586027129826523,-0.006489107499003191
matched_200_eligible_folds,ahn4_entropy,200,source_offset,19,87,0.1990016222350211,0.20409594029624223,0.3697081745662948,0.3361249507432392,0.6239681066206942,0.6125282096997889,0.6980295566502462,0.6148064235334785,0.1960769281125542,0.0017767538330833064
matched_200_eligible_folds,ahn4_entropy,200,source_plus_target_ridge,19,87,0.2050857673012037,0.20833700640363262,0.3527670387428957,0.27791963384441865,0.6342181020182962,0.6266968587436998,0.7137931034482757,0.6304585985288644,0.19435068082803975,-0.006156460267165029
matched_200_eligible_folds,ahn4_entropy,200,target_only_ridge,19,87,0.18701822481727395,0.1871119571873276,0.4869726911440865,0.4381330201569553,0.6923186196232287,0.6628410864895283,0.7640509337760815,0.7133703005977288,0.1818493165134265,-0.005243292542185998
matched_200_eligible_folds,ahn4_entropy,200,target_reference_mean,19,87,0.2661397797818338,0.27549599833259375,-0.038610407008974404,-0.07921989382885761,,,,,0.2586027129826523,-0.0004127879319147761
matched_200_eligible_folds,ahn4_height_cv,0,source_mean,19,87,0.1041917145482262,0.1065914644214214,-0.1599425640061489,-0.4047623037000569,,,,,0.0909612542737795,0.005174690347026021
matched_200_eligible_folds,ahn4_height_cv,0,source_ridge,19,87,0.0862727591743795,0.09503338200526454,0.0462173354032415,-0.12323786644094253,0.468347954007074,0.45379391201025876,0.4461672473867597,0.41877660761066315,0.0839429642207732,-0.005745038391341631
matched_200_eligible_folds,ahn4_height_cv,2,source_offset,19,87,0.09617434919323965,0.10311088012342767,-0.0939844753618798,-0.3951097402720791,0.468347954007074,0.45379391201025876,0.4461672473867597,0.41877660761066315,0.0839429642207732,-0.0028754760115885145
matched_200_eligible_folds,ahn4_height_cv,2,source_plus_target_ridge,19,87,0.08595311187991915,0.09467111487861815,0.05135950175202425,-0.11414585660593748,0.4711646421270105,0.4556290306397424,0.4446480938416421,0.4190190472053243,0.08336193286560105,-0.00550016279594773
matched_200_eligible_folds,ahn4_height_cv,2,target_only_ridge,19,87,0.14226938822383545,1.4192094676291618,-1.2984355177132376,-36759.22515434599,0.043581433190757454,0.03744348171301137,0.0291769699565801,0.03757695478210962,0.11928407886700235,-0.4738766059763376
matched_200_eligible_folds,ahn4_height_cv,2,target_reference_mean,19,87,0.1070374580138223,0.11219300419425694,-0.21236444183776199,-0.5850644686990103,,,,,0.0909612542737795,-0.0019844103620309172
matched_200_eligible_folds,ahn4_height_cv,5,source_offset,19,87,0.0900747141086827,0.09410248112922075,0.01725952198968795,-0.12394515569728391,0.468347954007074,0.45379391201025876,0.4461672473867597,0.41877660761066315,0.0839429642207732,-0.004310769576810493
matched_200_eligible_folds,ahn4_height_cv,5,source_plus_target_ridge,19,87,0.08588683720684676,0.09453492203113191,0.050870673888068846,-0.1109354079989553,0.4707398133024694,0.45591249621611984,0.4446480938416421,0.41889556659568344,0.0833527530682607,-0.005444445450212277
matched_200_eligible_folds,ahn4_height_cv,5,target_only_ridge,19,87,0.09848854015435445,0.10112894861007718,-0.13290315277563647,-0.2542801581022443,0.2538490227107656,0.22110227806394347,0.2373596751407846,0.21607916073383757,0.0913490498375614,-0.004309454728774465
matched_200_eligible_folds,ahn4_height_cv,5,target_reference_mean,19,87,0.10109515575509814,0.10209625889690115,-0.1143372423521958,-0.2587867296065519,,,,,0.0909612542737795,-0.0053557173195580505
matched_200_eligible_folds,ahn4_height_cv,10,source_offset,19,87,0.08728389644330614,0.0897507120375986,0.07839089537316271,-0.006467883071713026,0.468347954007074,0.45379391201025876,0.4461672473867597,0.41877660761066315,0.0839429642207732,-0.0013715654255708472
matched_200_eligible_folds,ahn4_height_cv,10,source_plus_target_ridge,19,87,0.0859259268989497,0.09431158122992536,0.050819954064805745,-0.10559340163346315,0.4701245692244632,0.4564486057102999,0.4446480938416421,0.419188570219442,0.08334163005947096,-0.005312601610673346
matched_200_eligible_folds,ahn4_height_cv,10,target_only_ridge,19,87,0.09455577453313445,0.0950543248398523,-0.051801791947256245,-0.09132928368134922,0.31300694376657134,0.2914211785153774,0.28786139421954043,0.28482615347126433,0.0895231891432305,-0.002100934785028716
matched_200_eligible_folds,ahn4_height_cv,10,target_reference_mean,19,87,0.09859500270706381,0.09781891498476307,-0.0595993082086158,-0.13749208628892698,,,,,0.0909612542737795,-0.0024779958533483583
matched_200_eligible_folds,ahn4_height_cv,25,source_offset,19,87,0.0857306145041585,0.08795982118057641,0.10790528934696775,0.037178624647506986,0.468347954007074,0.45379391201025876,0.4461672473867597,0.41877660761066315,0.0839429642207732,-0.0021901133510124613
matched_200_eligible_folds,ahn4_height_cv,25,source_plus_target_ridge,19,87,0.0857831843407478,0.09368927236593326,0.051755986744396854,-0.090698534812326,0.4696178433514693,0.45797595692206716,0.4500282326369283,0.4206910054831743,0.08332705595802326,-0.004991374857671109
matched_200_eligible_folds,ahn4_height_cv,25,target_only_ridge,19,87,0.08872538675685171,0.08908940262821442,0.06389569670020935,0.03941396769714275,0.41112544739404044,0.4057876159046037,0.42025672022644694,0.4081936746563956,0.08517027071290856,-0.0016312989829048163
matched_200_eligible_folds,ahn4_height_cv,25,target_reference_mean,19,87,0.0966570549356901,0.09579038332156158,-0.0362512821527695,-0.08549984875786225,,,,,0.0909612542737795,-0.0025555723258472614
matched_200_eligible_folds,ahn4_height_cv,50,source_offset,19,87,0.08497677974390755,0.08735737999695004,0.1170955446420444,0.049995770172262505,0.468347954007074,0.45379391201025876,0.4461672473867597,0.41877660761066315,0.0839429642207732,-0.002771521910314381
matched_200_eligible_folds,ahn4_height_cv,50,source_plus_target_ridge,19,87,0.0856331686851674,0.0928082820942485,0.0513355968693962,-0.07011169343488541,0.46455667449080024,0.45991970764981377,0.4500282326369283,0.42259705289306304,0.08332981714137586,-0.004541344090774153
matched_200_eligible_folds,ahn4_height_cv,50,target_only_ridge,19,87,0.08557378462103171,0.08524617077398539,0.13053301880670298,0.11882086707621102,0.45954924786436113,0.4619722089502116,0.4875536542505689,0.4708658276959118,0.08252586552251415,-0.0020406755783704696
matched_200_eligible_folds,ahn4_height_cv,50,target_reference_mean,19,87,0.09720044523752436,0.09525524197361011,-0.0299003918264745,-0.07313254421527372,,,,,0.0909612542737795,-0.003214301407371089
matched_200_eligible_folds,ahn4_height_cv,100,source_offset,19,87,0.08487467030546861,0.08712939492392571,0.1211902978493663,0.055263448194923966,0.468347954007074,0.45379391201025876,0.4461672473867597,0.41877660761066315,0.0839429642207732,-0.001538971492369882
matched_200_eligible_folds,ahn4_height_cv,100,source_plus_target_ridge,19,87,0.08546089781774205,0.0914079829528302,0.05640344355771065,-0.03798527715804237,0.46084543910696696,0.4637016401987881,0.4635798983625071,0.4279762019210988,0.08328950376488585,-0.003764735541029419
matched_200_eligible_folds,ahn4_height_cv,100,target_only_ridge,19,87,0.08292929918189215,0.08288469735912002,0.17861031643794906,0.166288082464576,0.5007793455939528,0.4988322023185413,0.5402816109311698,0.5137756889266148,0.08085288136067575,-0.00124955671052762
matched_200_eligible_folds,ahn4_height_cv,100,target_reference_mean,19,87,0.0965179489817242,0.0950360251104681,-0.02617656633142535,-0.0687924321934272,,,,,0.0909612542737795,-0.0035522320815540463
matched_200_eligible_folds,ahn4_height_cv,200,source_offset,19,87,0.08467692991327,0.08715215838256045,0.12430071109295715,0.05377055007711062,0.468347954007074,0.45379391201025876,0.4461672473867597,0.41877660761066315,0.0839429642207732,0.0006031253374546523
matched_200_eligible_folds,ahn4_height_cv,200,source_plus_target_ridge,19,87,0.08498140775406454,0.08956816505575009,0.11230966938403311,0.003430156965427413,0.46614724480578124,0.4695440422288794,0.4545454545454545,0.43301215360592804,0.08317691422939899,-0.002790072710442072
matched_200_eligible_folds,ahn4_height_cv,200,target_only_ridge,19,87,0.08147275338244515,0.08163456105244679,0.2070690808198223,0.1889609371631363,0.5293577866648931,0.5180041784202851,0.5598833159177987,0.5364302786074789,0.07964425050278079,-0.0005926246296793142
matched_200_eligible_folds,ahn4_height_cv,200,target_reference_mean,19,87,0.0977742392109618,0.09511878470921599,-0.02078373797907855,-0.07160967134883957,,,,,0.0909612542737795,-0.003561793860981166
matched_200_eligible_folds,ahn4_height_sd_m,0,source_mean,19,87,1.4010127229490903,1.4915216142491936,-0.3603942958931958,-0.8939731407941971,,,,,1.1530627534643685,0.10880022231295353
matched_200_eligible_folds,ahn4_height_sd_m,0,source_ridge,19,87,1.13128898823866,1.2095464333267985,0.0379315990890242,-0.33025486587261715,0.4701702936593698,0.4727934990482796,0.5901759530791789,0.514775121422937,1.0307513635670065,-0.06375382300236397
matched_200_eligible_folds,ahn4_height_sd_m,2,source_offset,19,87,1.175489798242889,1.2386464369787502,-0.0494975827943652,-0.2904064959607839,0.4701702936593698,0.47279349904827966,0.5901759530791789,0.514775121422937,1.030751363567006,-0.03372562449101726
matched_200_eligible_folds,ahn4_height_sd_m,2,source_plus_target_ridge,19,87,1.131745613139784,1.2092148712580375,0.038285219873284496,-0.3271670749604798,0.4684388880555666,0.4715551694122312,0.5802785923753665,0.5099614674365055,1.0296611155444126,-0.06175116250004442
matched_200_eligible_folds,ahn4_height_sd_m,2,target_only_ridge,19,87,1.7856501372364768,12.761267380876758,-1.2223099703054006,-13302.71345972739,0.0281099169479458,0.029177612425345258,0.0136087344798778,0.0432100014391279,1.4788852267782344,-0.5842105715024792
matched_200_eligible_folds,ahn4_height_sd_m,2,target_reference_mean,19,87,1.343302669403117,1.4143061044986691,-0.21714635688827022,-0.6212436789707864,,,,,1.1530627534643685,-0.01771451147075586
matched_200_eligible_folds,ahn4_height_sd_m,5,source_offset,19,87,1.1014928082248447,1.1104370393241276,0.07007628324242654,0.0075730993606187924,0.4701702936593698,0.47279349904827966,0.5901759530791789,0.514775121422937,1.030751363567006,-0.06566563425209772
matched_200_eligible_folds,ahn4_height_sd_m,5,source_plus_target_ridge,19,87,1.1303740284386306,1.2070454064488751,0.0389025197286097,-0.3205378304758056,0.4686675095612953,0.47188889810108037,0.5802785923753665,0.5101196449059546,1.029460166655138,-0.06085934500789995
matched_200_eligible_folds,ahn4_height_sd_m,5,target_only_ridge,19,87,1.2144130616328384,1.2456270060193064,-0.0823161513965414,-0.21169201971345955,0.247310713103628,0.2307138728607942,0.30821306138910487,0.2671449262605903,1.1306238809162497,-0.06796224879350037
matched_200_eligible_folds,ahn4_height_sd_m,5,target_reference_mean,19,87,1.2264436357956776,1.2774543999707033,-0.10691548897962795,-0.2585845850944015,,,,,1.1530627534643685,-0.08392920748893101
matched_200_eligible_folds,ahn4_height_sd_m,10,source_offset,19,87,1.0752457366436519,1.0711522556793729,0.1199601476519028,0.08664007911773587,0.4701702936593698,0.47279349904827966,0.5901759530791789,0.514775121422937,1.030751363567006,-0.011933711899748492
matched_200_eligible_folds,ahn4_height_sd_m,10,source_plus_target_ridge,19,87,1.1277049954466043,1.2035378283940918,0.03957499466756275,-0.3093784355129164,0.46883867867058904,0.47242214680082395,0.5802785923753665,0.5103726456163965,1.0294511227970542,-0.058663085347034835
matched_200_eligible_folds,ahn4_height_sd_m,10,target_only_ridge,19,87,1.150191751208046,1.1537580094635846,0.0025642950960717004,-0.0337255036145489,0.33511846868209905,0.32528487578744797,0.4159066029755686,0.3789652500005873,1.0962755293537767,-0.040341572028220515
matched_200_eligible_folds,ahn4_height_sd_m,10,target_reference_mean,19,87,1.2035854060388445,1.2350484646981545,-0.0671597526539576,-0.15936001747851608,,,,,1.1530627534643685,-0.03352477586084627
matched_200_eligible_folds,ahn4_height_sd_m,25,source_offset,19,87,1.0578295520028322,1.0508250209168744,0.15157988715902834,0.12507723273902202,0.4701702936593698,0.47279349904827966,0.5901759530791789,0.514775121422937,1.030751363567006,-0.015985284665410552
matched_200_eligible_folds,ahn4_height_sd_m,25,source_plus_target_ridge,19,87,1.115310059949743,1.1933369039366888,0.041956084655270856,-0.2773422752441801,0.4722908079111643,0.4739328230400674,0.5802785923753665,0.5114209349625348,1.0289253632542659,-0.053499898540397495
matched_200_eligible_folds,ahn4_height_sd_m,25,target_only_ridge,19,87,1.0691193619113688,1.0436484000052249,0.16615967628610856,0.1478623032736558,0.4628764705443962,0.44974655075618225,0.5668582375478928,0.5280545317307779,1.0282775997546283,-0.020478913613166345
matched_200_eligible_folds,ahn4_height_sd_m,25,target_reference_mean,19,87,1.1894951460590844,1.209496620987556,-0.045373247883283396,-0.10135863601165444,,,,,1.1530627534643685,-0.02678705724032675
matched_200_eligible_folds,ahn4_height_sd_m,50,source_offset,19,87,1.05535099664159,1.0425936798340982,0.17111782811018456,0.13968182569097004,0.4701702936593698,0.47279349904827966,0.5901759530791789,0.514775121422937,1.030751363567006,-0.026792614562612976
matched_200_eligible_folds,ahn4_height_sd_m,50,source_plus_target_ridge,19,87,1.1048534645776593,1.178691655113173,0.07030824605298186,-0.2326808245958364,0.47869458128078823,0.47637289315544046,0.5890762463343108,0.5149032276776784,1.0287088642413549,-0.04681827608418635
matched_200_eligible_folds,ahn4_height_sd_m,50,target_only_ridge,19,87,1.0174822350252386,0.9870558743778609,0.2539386572684945,0.23084104225614693,0.5177130748873127,0.508452137919051,0.6265935396186708,0.5843990945632648,0.9826840140123724,-0.03414327489963621
matched_200_eligible_folds,ahn4_height_sd_m,50,target_reference_mean,19,87,1.1824715730873763,1.2026418126003768,-0.0375084070506874,-0.08704903912655473,,,,,1.1530627534643685,-0.03705300940542615
matched_200_eligible_folds,ahn4_height_sd_m,100,source_offset,19,87,1.049807536599697,1.0397027576969236,0.179878385917204,0.14264762874990203,0.4701702936593698,0.47279349904827966,0.5901759530791789,0.514775121422937,1.0307513635670063,0.005465738142907677
matched_200_eligible_folds,ahn4_height_sd_m,100,source_plus_target_ridge,19,87,1.0795200518201886,1.1537288312296188,0.0843655103399272,-0.16066764513986806,0.4849733336478493,0.4808711418023805,0.5904058165942716,0.5227034133307082,1.0265485222926425,-0.03528164608807554
matched_200_eligible_folds,ahn4_height_sd_m,100,target_only_ridge,19,87,0.9820311870098273,0.946177281514282,0.29644811959362594,0.2876127399595237,0.5480574808270748,0.5454053542427166,0.6664904862579281,0.6196438936640767,0.9458918918821002,-0.02206767863638273
matched_200_eligible_folds,ahn4_height_sd_m,100,target_reference_mean,19,87,1.1808035019488972,1.2014539292836275,-0.03531390437062215,-0.08694198318661665,,,,,1.1530627534643685,-0.01313467696843705
matched_200_eligible_folds,ahn4_height_sd_m,200,source_offset,19,87,1.0483881910541748,1.0438339727803059,0.1730933990085588,0.1315948743152143,0.4701702936593698,0.47279349904827966,0.5901759530791789,0.514775121422937,1.030751363567006,0.05000267788589607
matched_200_eligible_folds,ahn4_height_sd_m,200,source_plus_target_ridge,19,87,1.0694711211608539,1.11815946206898,0.10645507282177474,-0.06511663584068195,0.4911777743604624,0.48763136337203544,0.5911764705882353,0.5320118205445749,1.0247817927693696,-0.02169022456143115
matched_200_eligible_folds,ahn4_height_sd_m,200,target_only_ridge,19,87,0.9635048410515226,0.9193576550018203,0.34003218120677337,0.32222621879379176,0.5690965736394933,0.571650944233393,0.6904761904761906,0.6441968916577884,0.9300935296996053,-0.012030106863228845
matched_200_eligible_folds,ahn4_height_sd_m,200,target_reference_mean,19,87,1.1908779151644622,1.204440432806455,-0.0325876179586317,-0.09766889265229578,,,,,1.1530627534643685,0.032397350423429644
matched_200_eligible_folds,ahn4_p95_height_m,0,source_mean,19,87,3.5127494428722192,3.8311325128285127,-0.411927142852619,-0.9272991004119526,,,,,2.8852624972787813,0.2761902437455236
matched_200_eligible_folds,ahn4_p95_height_m,0,source_ridge,19,87,2.930808515984261,3.1469026926894967,0.0508515550687136,-0.3742965966683311,0.4683681347971433,0.4525655078332994,0.5464646464646465,0.5212407155638331,2.47209097850887,-0.10683778780830175
matched_200_eligible_folds,ahn4_p95_height_m,2,source_offset,19,87,2.919465977919402,3.1649672990247706,-0.04105095718337265,-0.26535393113319516,0.4683681347971433,0.45256550783329946,0.5464646464646465,0.5212407155638332,2.47209097850887,-0.0600737285763096
matched_200_eligible_folds,ahn4_p95_height_m,2,source_plus_target_ridge,19,87,2.903370892299905,3.1384236839991284,0.05334548494290264,-0.3637493978951971,0.4768565368565369,0.4512914843080767,0.5578947368421052,0.5231579275877198,2.443509084761252,-0.1034916346879773
matched_200_eligible_folds,ahn4_p95_height_m,2,target_only_ridge,19,87,4.575154507774265,20.100274007421692,-1.1428475754366312,-3789.0926049277155,0.03445710129713775,0.039031317169746726,0.04815925235664315,0.04816322946928747,3.728701187840757,6.227912346296333
matched_200_eligible_folds,ahn4_p95_height_m,2,target_reference_mean,19,87,3.4776250108482447,3.6541461919415474,-0.26494989133165303,-0.6212467258046025,,,,,2.8852624972787813,-0.00041405296715434016
matched_200_eligible_folds,ahn4_p95_height_m,5,source_offset,19,87,2.7672738306605646,2.854566486765054,0.07897053393234145,0.006241772298374328,0.4683681347971433,0.45256550783329946,0.5464646464646465,0.5212407155638332,2.47209097850887,-0.12773931809399308
matched_200_eligible_folds,ahn4_p95_height_m,5,source_plus_target_ridge,19,87,2.899892457074612,3.132916277932662,0.05488806657748855,-0.35669319004677413,0.47682793482793484,0.4515859875833992,0.5578947368421052,0.5229842205885251,2.4431376007981958,-0.10176379823398961
matched_200_eligible_folds,ahn4_p95_height_m,5,target_only_ridge,19,87,3.069190952892379,3.200616804740742,-0.10059552520399714,-0.20143761937064947,0.22093973379067966,0.21523118987898737,0.30043351430192045,0.2684521343878541,2.8122190931220192,-0.17042068855772324
matched_200_eligible_folds,ahn4_p95_height_m,5,target_reference_mean,19,87,3.206893707189911,3.2896466073692827,-0.11818777350068305,-0.25666258806548015,,,,,2.8852624972787813,-0.16676066105234824
matched_200_eligible_folds,ahn4_p95_height_m,10,source_offset,19,87,2.6245930835048035,2.75476984895864,0.11236275763146056,0.08707522832224152,0.4683681347971433,0.45256550783329946,0.5464646464646465,0.5212407155638332,2.47209097850887,-0.01760838895229323
matched_200_eligible_folds,ahn4_p95_height_m,10,source_plus_target_ridge,19,87,2.8909306764655422,3.1238515263471545,0.059740217227013045,-0.3451422965126153,0.4771310611310611,0.45199703310107164,0.5544005123537937,0.5223539402986057,2.4419888072861955,-0.09734815098604617
matched_200_eligible_folds,ahn4_p95_height_m,10,target_only_ridge,19,87,2.846180082236133,2.9631174462276633,0.02655949936804165,-0.02865092792564134,0.33773972504505434,0.31546575214093114,0.4330278417234939,0.3852004053230441,2.667813467630582,-0.12437117654277338
matched_200_eligible_folds,ahn4_p95_height_m,10,target_reference_mean,19,87,3.1121267745696866,3.1823199930535884,-0.06826564474097244,-0.15917022786289975,,,,,2.8852624972787813,-0.06667973641533205
matched_200_eligible_folds,ahn4_p95_height_m,25,source_offset,19,87,2.5600969835165355,2.694036812790837,0.1610550268852135,0.12875559257299607,0.4683681347971433,0.45256550783329946,0.5464646464646465,0.5212407155638332,2.47209097850887,-0.01231247493835356
matched_200_eligible_folds,ahn4_p95_height_m,25,source_plus_target_ridge,19,87,2.8781833322758112,3.097439269373307,0.06652880490188234,-0.31186464982794443,0.47741139941139943,0.45338792142278395,0.5575903050172706,0.5236127663950395,2.436311861119761,-0.08682575515494598
matched_200_eligible_folds,ahn4_p95_height_m,25,target_only_ridge,19,87,2.5796063915666982,2.669550607882616,0.178544215009329,0.16096119352664695,0.4553565057607114,0.42184738059224,0.5518933174105587,0.5186056951697746,2.4756676861546323,-0.06082832152289002
matched_200_eligible_folds,ahn4_p95_height_m,25,target_reference_mean,19,87,2.9997128175883,3.107103214548873,-0.0407398503187077,-0.09821881068017518,,,,,2.8852624972787813,-0.038562780734923315
matched_200_eligible_folds,ahn4_p95_height_m,50,source_offset,19,87,2.5394984842492803,2.674271036827987,0.1893518968332834,0.1449946048273732,0.4683681347971433,0.45256550783329946,0.5464646464646465,0.5212407155638332,2.47209097850887,-0.03524494481947408
matched_200_eligible_folds,ahn4_p95_height_m,50,source_plus_target_ridge,19,87,2.861155760191211,3.058784048135798,0.07468254439471295,-0.2646806933086731,0.47802118002118005,0.4554431490645819,0.5515151515151515,0.5242491652729194,2.4266069976369806,-0.07346560884145385
matched_200_eligible_folds,ahn4_p95_height_m,50,target_only_ridge,19,87,2.4342673983253693,2.5241005905538016,0.27255510379183456,0.24483077972837106,0.5008354056149035,0.47808615197167464,0.6220442074403411,0.5797286987551444,2.331112669122298,-0.0901032563385754
matched_200_eligible_folds,ahn4_p95_height_m,50,target_reference_mean,19,87,2.970168854634539,3.083188111441294,-0.0375142934814034,-0.0767975897152264,,,,,2.8852624972787813,-0.06359894987474153
matched_200_eligible_folds,ahn4_p95_height_m,100,source_offset,19,87,2.515931122011646,2.6696477046184044,0.19029157075840009,0.14653747261767722,0.4683681347971433,0.45256550783329946,0.5464646464646465,0.5212407155638332,2.47209097850887,0.04726169381754945
matched_200_eligible_folds,ahn4_p95_height_m,100,source_plus_target_ridge,19,87,2.82406301475858,2.9929375480976805,0.0804467759876813,-0.18876421776683797,0.48506902466134655,0.45858457668377633,0.5536075036075038,0.5260937490984448,2.418620081556031,-0.051643212151390776
matched_200_eligible_folds,ahn4_p95_height_m,100,target_only_ridge,19,87,2.3531414206241283,2.412736354631436,0.3419472027320931,0.30209607273086103,0.5305085828062974,0.5155129220406549,0.6623357770745155,0.6168251799991503,2.2694047940154105,-0.07033197465209648
matched_200_eligible_folds,ahn4_p95_height_m,100,target_reference_mean,19,87,2.9577768209755266,3.080308229122135,-0.02996365299641585,-0.07636081807029267,,,,,2.8852624972787813,0.011126635701019901
matched_200_eligible_folds,ahn4_p95_height_m,200,source_offset,19,87,2.5217107849788043,2.684927163933831,0.1940520576505341,0.13196604750620128,0.4683681347971433,0.45256550783329946,0.5464646464646465,0.5212407155638332,2.47209097850887,0.16508909455242707
matched_200_eligible_folds,ahn4_p95_height_m,200,source_plus_target_ridge,19,87,2.784103626172501,2.895964184720704,0.09274122725620534,-0.08569296031638977,0.48951074521415194,0.46382946778894873,0.5695128626163108,0.5285608508067589,2.42098710729983,-0.025187182506439743
matched_200_eligible_folds,ahn4_p95_height_m,200,target_only_ridge,19,87,2.271226008227504,2.33781267338863,0.3965928863292768,0.3386392017132179,0.5672324860876168,0.5476165479621465,0.6870252661687588,0.6454630519578161,2.2341940110730114,-0.048153451697169516
matched_200_eligible_folds,ahn4_p95_height_m,200,target_reference_mean,19,87,2.9999214063954716,3.092881587106928,-0.02553846949915035,-0.09234689175557896,,,,,2.8852624972787813,0.15727665262819096
matched_200_eligible_folds,ahn4_pulse_penetration,0,source_mean,19,87,0.0692044907764544,0.06922863677070111,-0.1452500082713872,-0.36161579910645697,,,,,0.062705045843619,0.0005924305834640553
matched_200_eligible_folds,ahn4_pulse_penetration,0,source_ridge,19,87,0.0525145228467392,0.05555008452762446,0.2211139050876653,-0.04290832495056793,0.7181913744507337,0.6525047396108252,0.7177339901477832,0.6505393021398207,0.0406673264342868,-0.001074984279000777
matched_200_eligible_folds,ahn4_pulse_penetration,2,source_offset,19,87,0.04830633816564865,0.05186528376686727,0.34046329276924403,0.13939243319150013,0.7181913744507337,0.6525047396108252,0.7177339901477832,0.6505393021398207,0.0406673264342868,0.002780633488069793
matched_200_eligible_folds,ahn4_pulse_penetration,2,source_plus_target_ridge,19,87,0.05284652273728275,0.0550981405887947,0.21577074609298846,-0.027371549313215764,0.7191111027087895,0.6537508917244306,0.7249999999999999,0.6533275664767733,0.04046134755524445,-0.0013268198688024804
matched_200_eligible_folds,ahn4_pulse_penetration,2,target_only_ridge,19,87,0.0936617445069961,0.46518327256720954,-1.2433387945343113,-3672.200694253169,0.03907970207704965,0.029907325539315865,0.01566238341173405,0.02043070494991124,0.07693419968158526,-0.03429644818530679
matched_200_eligible_folds,ahn4_pulse_penetration,2,target_reference_mean,19,87,0.07233755862171246,0.07488984748952353,-0.2567975139265848,-0.5690248539600381,,,,,0.062705045843619,0.0019343732177828244
matched_200_eligible_folds,ahn4_pulse_penetration,5,source_offset,19,87,0.04480815738922765,0.04725830910682857,0.4347445569018267,0.31918927052823376,0.7181913744507337,0.6525047396108252,0.7177339901477832,0.6505393021398207,0.0406673264342868,0.0013334944763874286
matched_200_eligible_folds,ahn4_pulse_penetration,5,source_plus_target_ridge,19,87,0.05260936359813255,0.054941304090283576,0.2158470667636638,-0.020425642295823186,0.7192457149020225,0.6538849845302174,0.7249999999999999,0.6527963590955139,0.0404551847431972,-0.0013257097169912648
matched_200_eligible_folds,ahn4_pulse_penetration,5,target_only_ridge,19,87,0.06056648486673505,0.06302038055692906,-0.026277299625032953,-0.10818864047621111,0.33791976981084676,0.3207308626188079,0.3650018568059824,0.32898228396586815,0.05613775011258485,0.0005013566509600794
matched_200_eligible_folds,ahn4_pulse_penetration,5,target_reference_mean,19,87,0.06810499730276885,0.06770104951147522,-0.1190191199106901,-0.24654068224776432,,,,,0.062705045843619,0.0009284323368566493
matched_200_eligible_folds,ahn4_pulse_penetration,10,source_offset,19,87,0.043020794503513704,0.045054186430081335,0.4773126906527728,0.38838629111962936,0.7181913744507337,0.6525047396108252,0.7177339901477832,0.6505393021398207,0.0406673264342868,0.0009263122974697867
matched_200_eligible_folds,ahn4_pulse_penetration,10,source_plus_target_ridge,19,87,0.052059616147443394,0.054720408173708164,0.2163549959459499,-0.0108176915965455,0.7194023650808835,0.6540352765328784,0.7249999999999999,0.6526589144749031,0.04045652497489355,-0.00132629720120158
matched_200_eligible_folds,ahn4_pulse_penetration,10,target_only_ridge,19,87,0.05489629349996655,0.0561426193225446,0.17259946254427966,0.11617122684796263,0.5172460809253974,0.4501952715287582,0.5404479578392622,0.4681381709028066,0.05241711962054575,0.002280276946626041
matched_200_eligible_folds,ahn4_pulse_penetration,10,target_reference_mean,19,87,0.0648024671227864,0.06533316304696722,-0.0674783461128125,-0.14369613901898007,,,,,0.062705045843619,0.0014745317868676694
matched_200_eligible_folds,ahn4_pulse_penetration,25,source_offset,19,87,0.0417390440019175,0.04383787725901483,0.49421918627946193,0.42350559807861715,0.7181913744507337,0.6525047396108252,0.7177339901477832,0.6505393021398207,0.0406673264342868,0.001099633063596464
matched_200_eligible_folds,ahn4_pulse_penetration,25,source_plus_target_ridge,19,87,0.05120680752689925,0.054059019131893996,0.21762534355561308,0.018047925691789486,0.7197441560691631,0.6545518511933884,0.7249999999999999,0.6518898073864655,0.04045754018929085,-0.0012922039731024532
matched_200_eligible_folds,ahn4_pulse_penetration,25,target_only_ridge,19,87,0.047187897978615695,0.048427118108385805,0.3987196560562426,0.331731128103533,0.6593188182271081,0.5798681409741024,0.6659719590754074,0.5943662120645032,0.04612639189422265,0.0013016775699613613
matched_200_eligible_folds,ahn4_pulse_penetration,25,target_reference_mean,19,87,0.06406193736156646,0.06365596619462272,-0.03145847335836835,-0.08025972674232915,,,,,0.062705045843619,0.0014558407680872567
matched_200_eligible_folds,ahn4_pulse_penetration,50,source_offset,19,87,0.041408075461011246,0.04352720563431158,0.5001863498564962,0.42989264853486103,0.7181913744507337,0.6525047396108252,0.7177339901477832,0.6505393021398207,0.0406673264342868,0.001159770052416461
matched_200_eligible_folds,ahn4_pulse_penetration,50,source_plus_target_ridge,19,87,0.0507127716766606,0.053119590333434163,0.2553661339609604,0.05756557525455113,0.7208622805232272,0.655148743951846,0.7249999999999999,0.6520629716367938,0.0404312789245853,-0.0012600949855553721
matched_200_eligible_folds,ahn4_pulse_penetration,50,target_only_ridge,19,87,0.0433497864550366,0.044395424654969116,0.518700410928699,0.43133458042968337,0.7216572485710417,0.6418409583528029,0.7230769230769231,0.6482760363037146,0.04252258732380575,0.001396929446182523
matched_200_eligible_folds,ahn4_pulse_penetration,50,target_reference_mean,19,87,0.0637520380353381,0.06325444896163233,-0.021616329954133047,-0.06654354644184611,,,,,0.062705045843619,0.001277096142744265
matched_200_eligible_folds,ahn4_pulse_penetration,100,source_offset,19,87,0.0410309865647068,0.04340224566267461,0.5038484826708092,0.43215298531091,0.7181913744507337,0.6525047396108252,0.7177339901477832,0.6505393021398207,0.0406673264342868,0.0006848601832138482
matched_200_eligible_folds,ahn4_pulse_penetration,100,source_plus_target_ridge,19,87,0.049218866325459604,0.051613618937264384,0.2936008650114751,0.11965312175896785,0.7216379379401512,0.6562792866172209,0.7249999999999999,0.6522745914838155,0.040346120492941104,-0.001184460355705887
matched_200_eligible_folds,ahn4_pulse_penetration,100,target_only_ridge,19,87,0.04084034623906435,0.04203619580305373,0.5631418061583955,0.48592054906644544,0.7419983598628423,0.6740236146872223,0.7433261183261184,0.6789423874588842,0.0401966211468711,0.0010326879067520888
matched_200_eligible_folds,ahn4_pulse_penetration,100,target_reference_mean,19,87,0.06378818272191825,0.06303630475677902,-0.0242389933410646,-0.06064254730782601,,,,,0.062705045843619,0.0004238764420239758
matched_200_eligible_folds,ahn4_pulse_penetration,200,source_offset,19,87,0.0413632314470959,0.04339519007682203,0.5055026239731734,0.4312261081488157,0.7181913744507337,0.6525047396108252,0.7177339901477832,0.6505393021398207,0.0406673264342868,-0.00021216683700545728
matched_200_eligible_folds,ahn4_pulse_penetration,200,source_plus_target_ridge,19,87,0.0477887341122009,0.0495153995541369,0.326692164556343,0.20249574327211928,0.722753828145462,0.6579686678062058,0.745054945054945,0.6572397324539576,0.0402323617642436,-0.0010384992084009202
matched_200_eligible_folds,ahn4_pulse_penetration,200,target_only_ridge,19,87,0.03935791475098405,0.04051439322978589,0.5943381812998703,0.5192662630362969,0.7541601934574707,0.6976357850262462,0.7737105186902345,0.7052922895868121,0.038895880639147604,0.0008500710987945995
matched_200_eligible_folds,ahn4_pulse_penetration,200,target_reference_mean,19,87,0.0636526339378489,0.06304505660545255,-0.0172232239892379,-0.06297002401806057,,,,,0.062705045843619,-0.0008527657146873597
matched_200_eligible_folds,ahn4_sigma_z,0,source_mean,19,87,1.3084587374224244,1.4340477964440492,-0.6769121916516492,-1.0589179142910385,,,,,1.034180667965741,0.1319105869134044
matched_200_eligible_folds,ahn4_sigma_z,0,source_ridge,19,87,1.0765976067617828,1.1528586884461862,-0.0315287588416801,-0.3863008192283899,0.4306944907873671,0.44193177554905577,0.5439560439560439,0.4959037108990036,0.9535190249067388,-0.052164082490876854
matched_200_eligible_folds,ahn4_sigma_z,2,source_offset,19,87,1.0984068752075273,1.1585642091903736,-0.0853442169391799,-0.3435181608178282,0.4306944907873671,0.44193177554905577,0.5439560439560439,0.4959037108990036,0.9535190249067388,-0.02864551001072372
matched_200_eligible_folds,ahn4_sigma_z,2,source_plus_target_ridge,19,87,1.0784183113938313,1.1508669221873316,-0.04006079600390005,-0.38041044374957766,0.42769205944553323,0.4414851386650391,0.5439560439560439,0.49479883922787976,0.9522198202294576,-0.05031037506829856
matched_200_eligible_folds,ahn4_sigma_z,2,target_only_ridge,19,87,1.5780400888138426,6.665247330831597,-1.2084372242190533,-3346.2461172883973,0.0210912094450701,0.025797260619537934,0.021360590931431847,0.03382163373974144,1.2943875835356047,0.4309617800664665
matched_200_eligible_folds,ahn4_sigma_z,2,target_reference_mean,19,87,1.2119762795599738,1.277413833098492,-0.21471827059764786,-0.6068736622009243,,,,,1.034180667965741,-0.01974244696867694
matched_200_eligible_folds,ahn4_sigma_z,5,source_offset,19,87,1.0314056451590785,1.041685224250493,0.027103963448049502,-0.03274577526592435,0.4306944907873671,0.44193177554905577,0.5439560439560439,0.4959037108990036,0.9535190249067388,-0.05063807610794858
matched_200_eligible_folds,ahn4_sigma_z,5,source_plus_target_ridge,19,87,1.0782088822189826,1.148764669084007,-0.03991335638825795,-0.373889685313255,0.42766952307634054,0.4417449945007432,0.5439560439560439,0.4944133064051914,0.9522310821207206,-0.04931601312053437
matched_200_eligible_folds,ahn4_sigma_z,5,target_only_ridge,19,87,1.1091159038838423,1.1388073572808597,-0.1065427369837117,-0.21855139182137245,0.2529174941118718,0.22935687328012846,0.3146449502521466,0.26095843236624333,1.035158739419855,-0.04730636656353603
matched_200_eligible_folds,ahn4_sigma_z,5,target_reference_mean,19,87,1.131042423548662,1.1653353136465259,-0.1185793767235421,-0.2665476310515649,,,,,1.034180667965741,-0.060734158215233196
matched_200_eligible_folds,ahn4_sigma_z,10,source_offset,19,87,1.0004918713132072,1.0015354292528795,0.08686195904493935,0.05305678910618869,0.4306944907873671,0.44193177554905577,0.5439560439560439,0.4959037108990036,0.9535190249067388,-9.380064161381385e-05
matched_200_eligible_folds,ahn4_sigma_z,10,source_plus_target_ridge,19,87,1.077180586057453,1.1452358667597673,-0.0393337736740003,-0.36270993140688707,0.4277127929051904,0.4422630939309958,0.5439560439560439,0.4952868081868076,0.952081098548648,-0.04712532560168583
matched_200_eligible_folds,ahn4_sigma_z,10,target_only_ridge,19,87,1.0528402611700491,1.0533057363068108,0.0027284565624515,-0.03413041794281775,0.3404986749075571,0.32082412510096026,0.41734334445680377,0.37876205429291504,0.994514830618191,-0.027457612038856997
matched_200_eligible_folds,ahn4_sigma_z,10,target_reference_mean,19,87,1.0954083273916884,1.1204699689500648,-0.06328521276740814,-0.15427695191348495,,,,,1.034180667965741,-0.019470064895658196
matched_200_eligible_folds,ahn4_sigma_z,25,source_offset,19,87,0.9766176165033125,0.98371943520739,0.09552971831505194,0.09055320228156424,0.4306944907873671,0.44193177554905577,0.5439560439560439,0.4959037108990036,0.9535190249067388,-0.008422137339749704
matched_200_eligible_folds,ahn4_sigma_z,25,source_plus_target_ridge,19,87,1.0706579704111412,1.1352104261046883,-0.0363883511109134,-0.331316921120089,0.427826826933305,0.44370446374144423,0.5441767534790791,0.4976976345719031,0.9518677881096194,-0.0420525184861101
matched_200_eligible_folds,ahn4_sigma_z,25,target_only_ridge,19,87,0.9839589316659216,0.9659029072027552,0.14704777849459605,0.12617724275594566,0.4532434747040929,0.4361761154123239,0.5521935331906507,0.5208030440178258,0.942516669245831,-0.013557576453271401
matched_200_eligible_folds,ahn4_sigma_z,25,target_reference_mean,19,87,1.0851817855136663,1.0982378624837768,-0.0457701619028738,-0.10005244084496112,,,,,1.034180667965741,-0.015330574332364216
matched_200_eligible_folds,ahn4_sigma_z,50,source_offset,19,87,0.9712685737914626,0.9755481100896997,0.10411316329521934,0.10711571197133167,0.4306944907873671,0.44193177554905577,0.5439560439560439,0.4959037108990036,0.9535190249067388,-0.017661394042047886
matched_200_eligible_folds,ahn4_sigma_z,50,source_plus_target_ridge,19,87,1.0623657439507153,1.1205633629943805,-0.02861193632728595,-0.2867541156030346,0.4282388090770224,0.4460476447277191,0.5499999999999999,0.5003833381720213,0.9509269649603782,-0.03521446418583945
matched_200_eligible_folds,ahn4_sigma_z,50,target_only_ridge,19,87,0.9440649092616538,0.9166450160584751,0.2386873238659039,0.20894370700877002,0.5019243266791449,0.49265574139408874,0.6147783251231526,0.5767488035984473,0.9022927757789097,-0.025553797449812295
matched_200_eligible_folds,ahn4_sigma_z,50,target_reference_mean,19,87,1.0844623084844978,1.0910187093850954,-0.04096309072468615,-0.08315619952386799,,,,,1.034180667965741,-0.023581470857473162
matched_200_eligible_folds,ahn4_sigma_z,100,source_offset,19,87,0.9690641937700077,0.9729268011460647,0.1055751864350847,0.11086863305353896,0.4306944907873671,0.44193177554905577,0.5439560439560439,0.4959037108990036,0.9535190249067388,0.010347889570403954
matched_200_eligible_folds,ahn4_sigma_z,100,source_plus_target_ridge,19,87,1.0486038041664145,1.095516902761539,-0.01264127402537115,-0.21420203663455692,0.45128673653542084,0.4501103407298495,0.5476190476190477,0.5025419542660498,0.9498880377502854,-0.02389701404971006
matched_200_eligible_folds,ahn4_sigma_z,100,target_only_ridge,19,87,0.9145530656789875,0.8816523755591354,0.28125089785974955,0.2631017155695114,0.530866492415949,0.5289530713433717,0.6514664745549303,0.611282083250368,0.8789648845492248,-0.016648663669100373
matched_200_eligible_folds,ahn4_sigma_z,100,target_reference_mean,19,87,1.0793418055848445,1.0897493619844436,-0.03615922629491805,-0.0819382615314137,,,,,1.034180667965741,-0.0022469318071297764
matched_200_eligible_folds,ahn4_sigma_z,200,source_offset,19,87,0.9725967938706312,0.9763102096179288,0.09454552298033081,0.10154971964260211,0.4306944907873671,0.44193177554905577,0.5439560439560439,0.4959037108990036,0.9535190249067388,0.04973941360172908
matched_200_eligible_folds,ahn4_sigma_z,200,source_plus_target_ridge,19,87,1.0204918062163477,1.0594677566120656,0.0253769546933392,-0.11642616851561764,0.46054943854943853,0.4568738690201625,0.549765931742676,0.5119158063057719,0.9476593202025232,-0.010589160335484708
matched_200_eligible_folds,ahn4_sigma_z,200,target_only_ridge,19,87,0.8895523899035898,0.8592629258051825,0.3224147868048197,0.2959116636729399,0.5499199341268706,0.5544472303967389,0.6666666666666667,0.6349818749429117,0.8585458252009267,-0.007762022145945464
matched_200_eligible_folds,ahn4_sigma_z,200,target_reference_mean,19,87,1.0926553504048986,1.0928460908057087,-0.03772067620719205,-0.09197004982944237,,,,,1.034180667965741,0.042206790691067884
