scope,fold,target,target_variant,model,rows,rmse,mae,r2,bias,block_spearman
fold,0,ahn4_p95_height_m,raw,tessera_v1,139,4.277333212696473,3.178742244241526,0.1537130510503153,-1.2731881916620513,0.26514188887940277
fold,0,ahn4_p95_height_m,raw,tessera_v2,139,4.413306968978378,3.4535188980120153,0.09905195449376025,-0.9094154490217261,0.26513661221624596
fold,0,ahn4_p95_height_m,raw,conventional,139,4.20908220345151,3.3728499432711208,0.18050503289606223,-0.4101793578976495,0.33979030896344997
fold,0,ahn4_p95_height_m,raw,fused_v1,139,4.057093855665692,3.099473107237698,0.23861978912321613,-0.6188378192848192,0.36780808598233683
fold,0,ahn4_p95_height_m,raw,fused_v2,139,4.123515168248862,3.278502680409217,0.21348561808986433,-0.46203917060908123,0.33926809717597733
fold,0,ahn4_height_sd_m,raw,tessera_v1,139,1.3220470575874785,1.0159313284059532,0.21794325196406583,-0.48373380946908334,0.523906841401292
fold,0,ahn4_height_sd_m,raw,tessera_v2,139,1.3255018409873454,1.0489532086614153,0.2138505581595842,-0.41786195512083646,0.5104719826972879
fold,0,ahn4_height_sd_m,raw,conventional,139,1.3136178536543093,1.022118377590501,0.22788404874990364,-0.23570641232256412,0.4117489351812327
fold,0,ahn4_height_sd_m,raw,fused_v1,139,1.2167569621874994,0.9428550521187626,0.337551502000193,-0.2807482461765461,0.540111058937363
fold,0,ahn4_height_sd_m,raw,fused_v2,139,1.2393897464039234,0.9857453680104618,0.31267801191530953,-0.2923592511083852,0.5238093120654164
fold,0,ahn4_height_sd_m,height_adjusted,tessera_v1,139,0.7926859565933296,0.5536279912276989,0.16004312367259088,-0.27475254892394474,0.4795823965774021
fold,0,ahn4_height_sd_m,height_adjusted,tessera_v2,139,0.7693706808635397,0.5592908316675831,0.20872776713583696,-0.30158615023868185,0.4738752999990514
fold,0,ahn4_height_sd_m,height_adjusted,conventional,139,0.8290134541000631,0.6252067501163707,0.08129132134128281,-0.1989557327783471,0.2787353439198611
fold,0,ahn4_height_sd_m,height_adjusted,fused_v1,139,0.7398472833885722,0.5355111273583913,0.26829027301858965,-0.18808017641297067,0.44407401083316733
fold,0,ahn4_height_sd_m,height_adjusted,fused_v2,139,0.733346715165558,0.5525032639386235,0.2810919222405871,-0.24602039685818014,0.4647020878985363
fold,0,ahn4_height_cv,raw,tessera_v1,139,0.06266675722330796,0.04837966768643303,0.3423348029169565,-0.026743570291979185,0.6004238524146959
fold,0,ahn4_height_cv,raw,tessera_v2,139,0.06155898291938782,0.04815094036962493,0.36538068289592907,-0.02511212467709812,0.5641714571653529
fold,0,ahn4_height_cv,raw,conventional,139,0.07389198932396142,0.05886591609368079,0.08562333671547384,-0.023583040209527596,0.33575982763690865
fold,0,ahn4_height_cv,raw,fused_v1,139,0.0617508632888025,0.04769853275365793,0.3614182792201506,-0.02654511514310053,0.6307777682916418
fold,0,ahn4_height_cv,raw,fused_v2,139,0.06282092318700014,0.04993902368793044,0.33909498942630845,-0.03011871829697796,0.6127742679074533
fold,0,ahn4_height_cv,height_adjusted,tessera_v1,139,0.05435557395345576,0.0418672720114804,0.33166826961103,-0.021806721048381515,0.560769373061271
fold,0,ahn4_height_cv,height_adjusted,tessera_v2,139,0.053486705490882504,0.04085327120998552,0.35286393240097824,-0.02154458095257242,0.5516470303651214
fold,0,ahn4_height_cv,height_adjusted,conventional,139,0.06136063954876773,0.04740017041055406,0.14830585081879966,-0.013485337872201226,0.35815695049185614
fold,0,ahn4_height_cv,height_adjusted,fused_v1,139,0.0530235072511311,0.04108046271565389,0.36402387758003885,-0.018955838706240017,0.5542650853277935
fold,0,ahn4_height_cv,height_adjusted,fused_v2,139,0.05374420723418582,0.042739452833649244,0.34661790212568566,-0.02246117609980566,0.5573419728317065
fold,0,ahn4_entropy,raw,tessera_v1,139,0.17746393445713102,0.13887072250471688,0.2745588449572879,-0.051169764222438345,0.5357668829505677
fold,0,ahn4_entropy,raw,tessera_v2,139,0.20168605890656818,0.15834639531071396,0.06301262855473078,-0.07204379394191524,0.5111817828244021
fold,0,ahn4_entropy,raw,conventional,139,0.1929692766842589,0.15294982158535816,0.14225476076864685,-0.04116722399718192,0.37820204521092426
fold,0,ahn4_entropy,raw,fused_v1,139,0.1673584906518178,0.1324006249418279,0.35482507613699943,-0.032348467839772056,0.5441922910915697
fold,0,ahn4_entropy,raw,fused_v2,139,0.18801294653572787,0.14663598497132116,0.18575052018167282,-0.0649209965222063,0.5018888082567328
fold,0,ahn4_entropy,height_adjusted,tessera_v1,139,0.12003434593640688,0.08824707489666993,0.35226181169182025,-0.024583295472138444,0.5475012924860316
fold,0,ahn4_entropy,height_adjusted,tessera_v2,139,0.132096504417649,0.09822332457454452,0.21553947873723067,-0.060303972406772065,0.49349903241412674
fold,0,ahn4_entropy,height_adjusted,conventional,139,0.14651289950533047,0.12050308515819777,0.03497143685837545,-0.040331572593753355,0.30042148088069287
fold,0,ahn4_entropy,height_adjusted,fused_v1,139,0.11838105555632604,0.09257149232542448,0.3699821450406502,-0.023858760152888545,0.54774058026694
fold,0,ahn4_entropy,height_adjusted,fused_v2,139,0.12895192906658423,0.1004864003067784,0.25244331704903766,-0.06106050146009479,0.5010759649771859
fold,0,ahn4_pulse_penetration,raw,tessera_v1,139,0.043330369402895696,0.035816972497081136,-0.5790140425410313,0.02862197419248171,0.17864641139474657
fold,0,ahn4_pulse_penetration,raw,tessera_v2,139,0.03945319664835086,0.0332106914815544,-0.3090782390207987,0.02207222257841805,0.19561189134579812
fold,0,ahn4_pulse_penetration,raw,conventional,139,0.04545310702659004,0.03831370894950078,-0.7375141909140859,0.03260463472175295,0.26455036901069084
fold,0,ahn4_pulse_penetration,raw,fused_v1,139,0.042856072401248405,0.035263262064689625,-0.5446352562933061,0.030357642952180765,0.32105874764032366
fold,0,ahn4_pulse_penetration,raw,fused_v2,139,0.042073036762779396,0.0346319934895003,-0.4887059662349613,0.028426275663793757,0.34877640703112406
fold,0,ahn4_pulse_penetration,height_adjusted,tessera_v1,139,0.040845725314636885,0.03367469463779349,-0.5844320515767023,0.02680378174977325,0.16415355208362978
fold,0,ahn4_pulse_penetration,height_adjusted,tessera_v2,139,0.03741530427003451,0.0312646049128059,-0.3294712714015742,0.02114555129425595,0.16567074096208392
fold,0,ahn4_pulse_penetration,height_adjusted,conventional,139,0.04351366717071604,0.036819754903393315,-0.7981742137926329,0.03131994324698622,0.24692542474173995
fold,0,ahn4_pulse_penetration,height_adjusted,fused_v1,139,0.041227129400843956,0.034112097894632785,-0.6141600230504065,0.029253086880222014,0.3048754588918296
fold,0,ahn4_pulse_penetration,height_adjusted,fused_v2,139,0.040553185668774805,0.033474529958548264,-0.5618177218392588,0.02766495885448791,0.344126540311335
fold,0,ahn4_sigma_z,raw,tessera_v1,139,1.2631334989563543,0.9672075879049353,0.20126684302775222,-0.43760625352458304,0.5192361644706261
fold,0,ahn4_sigma_z,raw,tessera_v2,139,1.2649775947133552,1.0019511910053507,0.19893293987764504,-0.39270295531910815,0.48564451179601015
fold,0,ahn4_sigma_z,raw,conventional,139,1.2661343187031202,0.9891129272134518,0.19746724254380443,-0.18149421556630638,0.41071269339859795
fold,0,ahn4_sigma_z,raw,fused_v1,139,1.167785353961327,0.9127882630781404,0.31730101761560126,-0.2237906248494252,0.5309406926776516
fold,0,ahn4_sigma_z,raw,fused_v2,139,1.1798416576600292,0.9473363658420765,0.3031317799682465,-0.24087177212534544,0.5079269709819101
fold,0,ahn4_sigma_z,height_adjusted,tessera_v1,139,0.7800498250782294,0.5437818068978193,0.15048045431897605,-0.24193441661200998,0.4643997766014969
fold,0,ahn4_sigma_z,height_adjusted,tessera_v2,139,0.7547166475528735,0.5428686605226787,0.20476305640573444,-0.2871410254703759,0.43692371723725776
fold,0,ahn4_sigma_z,height_adjusted,conventional,139,0.8262996428165206,0.6097779262529134,0.04675657593235816,-0.15928459602579972,0.17796951630192476
fold,0,ahn4_sigma_z,height_adjusted,fused_v1,139,0.739477201753032,0.5360766553038294,0.23655410156339374,-0.14305621985038647,0.3579375243082235
fold,0,ahn4_sigma_z,height_adjusted,fused_v2,139,0.7233684590284677,0.5313597809797663,0.2694535669769197,-0.20595057555262855,0.38632454917138603
fold,1,ahn4_p95_height_m,raw,tessera_v1,113,6.11560216624059,4.962916568734214,-1.5207314870620028,-4.597335872576756,0.10746681064223655
fold,1,ahn4_p95_height_m,raw,tessera_v2,113,5.729672791741699,4.709185099674721,-1.2126248055176538,-4.177409172441873,0.18219882717995262
fold,1,ahn4_p95_height_m,raw,conventional,113,5.938773447977563,4.865400263305685,-1.3770682481069696,-4.355676227188926,0.13252722593775268
fold,1,ahn4_p95_height_m,raw,fused_v1,113,5.762817952919141,4.671410577326479,-1.238298149077396,-4.112436131322524,0.13690868854970017
fold,1,ahn4_p95_height_m,raw,fused_v2,113,5.780179437088571,4.654224634090682,-1.251804983649519,-4.196758407992097,0.13923531987275214
fold,1,ahn4_height_sd_m,raw,tessera_v1,113,1.8607567746972231,1.5477708533060783,-0.40672837930208816,-1.325271928764822,0.48062606511566947
fold,1,ahn4_height_sd_m,raw,tessera_v2,113,1.7500575344273546,1.524827820057358,-0.24433032320647197,-1.1718221492492007,0.5288849843996831
fold,1,ahn4_height_sd_m,raw,conventional,113,1.7984682681431574,1.514810143738945,-0.3141247369510922,-1.2331240317026368,0.4342797457854082
fold,1,ahn4_height_sd_m,raw,fused_v1,113,1.7414487085737993,1.447571300974835,-0.23211829561571173,-1.2167329648879266,0.516927848883567
fold,1,ahn4_height_sd_m,raw,fused_v2,113,1.7588580132886558,1.493259717536379,-0.25687646672265796,-1.2171802343286022,0.5109969935658906
fold,1,ahn4_height_sd_m,height_adjusted,tessera_v1,113,1.117730497645957,0.8113298840335536,0.09593655196580753,-0.5785030474194144,0.5692903555588634
fold,1,ahn4_height_sd_m,height_adjusted,tessera_v2,113,1.0684765298581644,0.8240073743666215,0.17385803629480434,-0.5083292172395717,0.6308222957566749
fold,1,ahn4_height_sd_m,height_adjusted,conventional,113,1.034351935372096,0.781678579309811,0.22578537379156616,-0.4802835439550155,0.596395251041524
fold,1,ahn4_height_sd_m,height_adjusted,fused_v1,113,1.0547467001274546,0.7799699317079215,0.19495332713421587,-0.5483915734613506,0.6053898038641912
fold,1,ahn4_height_sd_m,height_adjusted,fused_v2,113,1.051578857913886,0.80139632132554,0.19978184394850407,-0.5173353080994975,0.5840384783262323
fold,1,ahn4_height_cv,raw,tessera_v1,113,0.05887333731666024,0.045277228318192954,0.5704706710595631,-0.015451351766825801,0.79719916967653
fold,1,ahn4_height_cv,raw,tessera_v2,113,0.05627791158008607,0.04519271926224747,0.6075074127579055,-0.007775027967180424,0.8143014886027383
fold,1,ahn4_height_cv,raw,conventional,113,0.06313662336927217,0.0504737769028439,0.5060099329865391,0.012626149344671378,0.7092973172569081
fold,1,ahn4_height_cv,raw,fused_v1,113,0.055431196391752084,0.0446385219330611,0.6192288656736313,-0.009338899307698835,0.7700583607394099
fold,1,ahn4_height_cv,raw,fused_v2,113,0.054987758418840973,0.04632702794122511,0.6252966764026305,-0.002827800923786978,0.7749244496579565
fold,1,ahn4_height_cv,height_adjusted,tessera_v1,113,0.056982548894514665,0.043632632205440725,0.521728773145312,-0.013091844935031767,0.7510318122167048
fold,1,ahn4_height_cv,height_adjusted,tessera_v2,113,0.05554118935078136,0.04414272321182762,0.5456182693054441,-0.008657583755152234,0.7760460052918049
fold,1,ahn4_height_cv,height_adjusted,conventional,113,0.058695380611942904,0.046003082075249675,0.4925440408731726,0.0070707188313460624,0.7063409198230329
fold,1,ahn4_height_cv,height_adjusted,fused_v1,113,0.053072945875135724,0.04216507046113245,0.5851062437528178,-0.009550373058349099,0.7418305760453746
fold,1,ahn4_height_cv,height_adjusted,fused_v2,113,0.053540887089027996,0.0442693728554863,0.5777578001542701,-0.006092352266004476,0.7249971021148677
fold,1,ahn4_entropy,raw,tessera_v1,113,0.2861427578232334,0.23675048378009114,-0.493395125415218,-0.18568639202087117,0.6133013435603066
fold,1,ahn4_entropy,raw,tessera_v2,113,0.2770953011354565,0.22573523210190835,-0.400449764490048,-0.1640238231580097,0.6120193987690614
fold,1,ahn4_entropy,raw,conventional,113,0.25673182758018176,0.205760907535016,-0.2021776154578716,-0.12776315019577184,0.4504723108239841
fold,1,ahn4_entropy,raw,fused_v1,113,0.2664356187752953,0.2151992683759169,-0.2947734324195137,-0.16097598732053167,0.6259669728306653
fold,1,ahn4_entropy,raw,fused_v2,113,0.2681239286254051,0.2134527279950971,-0.31123447950616057,-0.15834442306015617,0.6030263658014162
fold,1,ahn4_entropy,height_adjusted,tessera_v1,113,0.16476620152224702,0.12907175242008348,0.1904668905312623,-0.055899120610897836,0.6080957935408616
fold,1,ahn4_entropy,height_adjusted,tessera_v2,113,0.16603660114708405,0.12358361194767048,0.17793525101087715,-0.04957395453049957,0.6292533650817923
fold,1,ahn4_entropy,height_adjusted,conventional,113,0.16652535964836113,0.12582102709990525,0.1730883376916904,-0.02044285214140171,0.49528052840490494
fold,1,ahn4_entropy,height_adjusted,fused_v1,113,0.1670334685418351,0.12890625267310124,0.16803442666002466,-0.056320173106437325,0.6002056588224366
fold,1,ahn4_entropy,height_adjusted,fused_v2,113,0.16756357823699075,0.12123885415586864,0.162745272723138,-0.04949750470758145,0.6127238155862953
fold,1,ahn4_pulse_penetration,raw,tessera_v1,113,0.035929956217052215,0.029315389447287055,0.009365545747314408,0.015109382299964967,0.3939033365432332
fold,1,ahn4_pulse_penetration,raw,tessera_v2,113,0.031941400202712,0.025818505948814695,0.21709700741948357,0.007210526623935884,0.4344129807642237
fold,1,ahn4_pulse_penetration,raw,conventional,113,0.03171714922067481,0.02589638345742562,0.22805147172223628,-0.00731637518602199,0.5017650470092428
fold,1,ahn4_pulse_penetration,raw,fused_v1,113,0.030138162862796095,0.023344996701272203,0.30299867526191293,0.0012674385908156172,0.5113991455112584
fold,1,ahn4_pulse_penetration,raw,fused_v2,113,0.02885743164012158,0.02253412605702645,0.3609785979362202,-0.004693192795455042,0.5599868022394281
fold,1,ahn4_pulse_penetration,height_adjusted,tessera_v1,113,0.03002490995791352,0.024446973553805585,0.21927595864274863,0.005501772542021468,0.4155162591888783
fold,1,ahn4_pulse_penetration,height_adjusted,tessera_v2,113,0.028828162075977062,0.023607052450698926,0.28027260116412955,-0.000407572579904258,0.46467776067693917
fold,1,ahn4_pulse_penetration,height_adjusted,conventional,113,0.03200452416423515,0.02572228577637046,0.11293207739564493,-0.013283857852683916,0.5181577841512905
fold,1,ahn4_pulse_penetration,height_adjusted,fused_v1,113,0.028420860127986825,0.022262587968360746,0.3004664307235544,-0.00576095600088005,0.5258638640032033
fold,1,ahn4_pulse_penetration,height_adjusted,fused_v2,113,0.028837297168259713,0.022447664806899793,0.27981639324496366,-0.011019259668789536,0.5724890238102435
fold,1,ahn4_sigma_z,raw,tessera_v1,113,1.800464381504329,1.5045444593936976,-0.4125359836415141,-1.265328649596966,0.47022526537557735
fold,1,ahn4_sigma_z,raw,tessera_v2,113,1.7228316641714818,1.502466341198085,-0.2933502220577371,-1.1438750734807566,0.5146261406427267
fold,1,ahn4_sigma_z,raw,conventional,113,1.779313996023157,1.499245460926733,-0.3795442695990374,-1.2215584492381242,0.40840845185027314
fold,1,ahn4_sigma_z,raw,fused_v1,113,1.6941785946835897,1.4140248435613858,-0.250687566244745,-1.1743690892836425,0.5095866781786159
fold,1,ahn4_sigma_z,raw,fused_v2,113,1.737599744128656,1.4844078693922294,-0.31561840250880757,-1.20043722183783,0.4949215589699092
fold,1,ahn4_sigma_z,height_adjusted,tessera_v1,113,1.0972050459959635,0.8065797706052678,0.055657220572392974,-0.5441370327218432,0.5211126193943493
fold,1,ahn4_sigma_z,height_adjusted,tessera_v2,113,1.0711237503914075,0.8363901500211152,0.10001893996920164,-0.4991541954931817,0.5907886963767418
fold,1,ahn4_sigma_z,height_adjusted,conventional,113,1.0393397720850293,0.7925372076416407,0.15263764761626653,-0.48617259460761536,0.5656786465957745
fold,1,ahn4_sigma_z,height_adjusted,fused_v1,113,1.0471417012033584,0.7854827312332532,0.13986824428592737,-0.528357790794775,0.5955150771734964
fold,1,ahn4_sigma_z,height_adjusted,fused_v2,113,1.0607750518376993,0.8177419406929388,0.1173253262786399,-0.5189404243388805,0.558889005453443
fold,2,ahn4_p95_height_m,raw,tessera_v1,112,3.4418448906442163,2.7153556212408025,0.3487212240376034,-1.0982873830525561,0.34677322413330025
fold,2,ahn4_p95_height_m,raw,tessera_v2,112,3.138721977437892,2.3764640107157518,0.45838581142780366,-0.8690668949760666,0.30534663212164403
fold,2,ahn4_p95_height_m,raw,conventional,112,3.8841884941043623,2.822516688126628,0.17056008476416584,-0.33794184121236726,0.05647585172081763
fold,2,ahn4_p95_height_m,raw,fused_v1,112,3.2340056250535776,2.538544257238288,0.42500260362432984,-1.0506373085445515,0.3612245251709339
fold,2,ahn4_p95_height_m,raw,fused_v2,112,2.9718897952968137,2.2877952078217216,0.5144323581643289,-0.675393266184492,0.23425149608596577
fold,2,ahn4_height_sd_m,raw,tessera_v1,112,0.8531282539990238,0.6717560868651136,0.5143821369384645,0.010606565390428794,0.4363984754741058
fold,2,ahn4_height_sd_m,raw,tessera_v2,112,0.8437548773888015,0.6744959027781204,0.5249945465012287,0.011099874207036998,0.3681217947001996
fold,2,ahn4_height_sd_m,raw,conventional,112,1.1811185884449347,0.79562612524232,0.06920720667530744,0.11693592059322651,0.01076082735508771
fold,2,ahn4_height_sd_m,raw,fused_v1,112,0.898397973883512,0.6873478265354578,0.46147789993300925,-0.025850634722270695,0.24388153097365084
fold,2,ahn4_height_sd_m,raw,fused_v2,112,0.9043472935605514,0.696177283828328,0.4543219437458602,0.08462655737100729,0.3434415666253307
fold,2,ahn4_height_sd_m,height_adjusted,tessera_v1,112,0.5562205344155755,0.39324173999727674,0.12428324332765539,0.2259580542015882,0.5421504836266213
fold,2,ahn4_height_sd_m,height_adjusted,tessera_v2,112,0.5145910460085611,0.4028798009534247,0.2504612775229348,0.19400503721652643,0.581872678877594
fold,2,ahn4_height_sd_m,height_adjusted,conventional,112,0.7151521448517939,0.5318286101478922,-0.447659800823176,0.2052657766527004,0.24635428046399982
fold,2,ahn4_height_sd_m,height_adjusted,fused_v1,112,0.6198080067295096,0.49242554454458726,-0.0873866287178875,0.17490283975923748,0.43560765644165045
fold,2,ahn4_height_sd_m,height_adjusted,fused_v2,112,0.6273749100613742,0.5025818996535637,-0.11409933957286666,0.2271960650370585,0.5736033270677318
fold,2,ahn4_height_cv,raw,tessera_v1,112,0.06287247342651081,0.04748116979145266,-0.09817269833101805,0.03819808933609865,0.6644740973312402
fold,2,ahn4_height_cv,raw,tessera_v2,112,0.05561755846338737,0.045945885704661946,0.1406434519358557,0.03572399596737183,0.8109433112207808
fold,2,ahn4_height_cv,raw,conventional,112,0.06392949266829087,0.048993905803775925,-0.13540830475037624,0.029473766019658152,0.49113949102533205
fold,2,ahn4_height_cv,raw,fused_v1,112,0.05987388414340473,0.04591274132307781,0.004080087398455445,0.034347581279303756,0.6531234348865552
fold,2,ahn4_height_cv,raw,fused_v2,112,0.05642992481774806,0.045089115008993645,0.11535608649915552,0.0357336591540776,0.7401564689736562
fold,2,ahn4_height_cv,height_adjusted,tessera_v1,112,0.0495319605729289,0.04084086700233506,0.004575379150735026,0.023028217366385814,0.562782081298016
fold,2,ahn4_height_cv,height_adjusted,tessera_v2,112,0.0426559764993616,0.035744462103942,0.2617607728151633,0.019657599895991026,0.6929565397870456
fold,2,ahn4_height_cv,height_adjusted,conventional,112,0.05431130663569224,0.042726406422546145,-0.19678970278154417,0.016235929150016794,0.507137890385076
fold,2,ahn4_height_cv,height_adjusted,fused_v1,112,0.05169724084096403,0.04348235256322011,-0.08435645927361879,0.020843610703418853,0.6308752639464547
fold,2,ahn4_height_cv,height_adjusted,fused_v2,112,0.048776120558089824,0.04156262825900429,0.03472323573399427,0.020586076340332857,0.6931472332962741
fold,2,ahn4_entropy,raw,tessera_v1,112,0.1461387732979399,0.11882513280211204,0.3958751458744123,-0.05933721695330166,0.5427557269114269
fold,2,ahn4_entropy,raw,tessera_v2,112,0.15230531219996696,0.12461906204969435,0.3438156161744351,-0.0443696188436359,0.43513940105663584
fold,2,ahn4_entropy,raw,conventional,112,0.17807789783308728,0.1422805864792137,0.102951697313034,-0.01938629029532478,0.23790477320364745
fold,2,ahn4_entropy,raw,fused_v1,112,0.15870843093942671,0.12570034836615868,0.2874820916508155,-0.06442539016194528,0.4763444435697487
fold,2,ahn4_entropy,raw,fused_v2,112,0.15522807578766376,0.12682027609778668,0.31838939917358955,-0.02932467857446808,0.4658848825187813
fold,2,ahn4_entropy,height_adjusted,tessera_v1,112,0.13364986841199128,0.1080945888532498,-0.06130096111869454,-0.03157164044840575,0.5063082580967471
fold,2,ahn4_entropy,height_adjusted,tessera_v2,112,0.13817788143706483,0.11154906410443316,-0.13443220226259056,-0.029797811487141813,0.32830823159188466
fold,2,ahn4_entropy,height_adjusted,conventional,112,0.1568089854256037,0.11964999472152671,-0.4609769911341661,-0.019702799142817404,0.4482271826793786
fold,2,ahn4_entropy,height_adjusted,fused_v1,112,0.1637252575231896,0.1294028299608743,-0.5926958591393918,-0.04078942460238874,0.46102456921546825
fold,2,ahn4_entropy,height_adjusted,fused_v2,112,0.15052371518130228,0.11553336274357592,-0.3462054497404987,-0.023354630275317933,0.2716315205327414
fold,2,ahn4_pulse_penetration,raw,tessera_v1,112,0.03430048841045864,0.027177698958444813,0.2460955452114394,0.015666871057693987,0.40208603193223463
fold,2,ahn4_pulse_penetration,raw,tessera_v2,112,0.037880722541624265,0.029158289366077412,0.08049899175749953,0.01826660062504445,0.19356885332309462
fold,2,ahn4_pulse_penetration,raw,conventional,112,0.03584623874728354,0.028108679115862623,0.17661512055953044,0.007299075287906043,0.19366803905887467
fold,2,ahn4_pulse_penetration,raw,fused_v1,112,0.030234035577005252,0.02375318962835415,0.414255875503559,0.011567737593806507,0.3255011523015328
fold,2,ahn4_pulse_penetration,raw,fused_v2,112,0.03486155759660503,0.02693250253275623,0.22122988745897942,0.015927556735736016,0.3695562220138088
fold,2,ahn4_pulse_penetration,height_adjusted,tessera_v1,112,0.030965198756423274,0.02401664263569373,0.2060873098870336,0.01443212393016535,0.26268295680853154
fold,2,ahn4_pulse_penetration,height_adjusted,tessera_v2,112,0.03447412112175909,0.027247171164518445,0.01596304996326503,0.017355865761323443,0.21207233493740546
fold,2,ahn4_pulse_penetration,height_adjusted,conventional,112,0.03252188350577536,0.025609966579283862,0.12425759483061272,0.007447065621776873,0.15448271457943252
fold,2,ahn4_pulse_penetration,height_adjusted,fused_v1,112,0.028246058493581264,0.021723351477906265,0.339396746565805,0.010437874708843388,0.3110760731261762
fold,2,ahn4_pulse_penetration,height_adjusted,fused_v2,112,0.032607526583053874,0.025352827044519903,0.11963916437665378,0.01538737926223754,0.32968743745024065
fold,2,ahn4_sigma_z,raw,tessera_v1,112,0.830122934914868,0.6254178783978237,0.5096690340895089,0.004459421727054395,0.3816156566862133
fold,2,ahn4_sigma_z,raw,tessera_v2,112,0.8038359484580668,0.6193573880985969,0.5402313612671371,-0.010357210181631197,0.36966467705963507
fold,2,ahn4_sigma_z,raw,conventional,112,1.1316054818959358,0.776033982929673,0.08884013672395774,0.08454052449485676,-0.0014200772009555892
fold,2,ahn4_sigma_z,raw,fused_v1,112,0.8837303487093474,0.680122225810429,0.4442953451564474,-0.05488300251445164,0.2276601085083724
fold,2,ahn4_sigma_z,raw,fused_v2,112,0.8897989678087994,0.6984919576288817,0.43663703860108527,0.0451429958143006,0.3046446703763971
fold,2,ahn4_sigma_z,height_adjusted,tessera_v1,112,0.5759561493535381,0.4122962261997213,-0.025142045340394326,0.22663956881112413,0.5190029858097086
fold,2,ahn4_sigma_z,height_adjusted,tessera_v2,112,0.5236992184811943,0.39474137013756344,0.15244271969771428,0.17853210988874335,0.3823703103091085
fold,2,ahn4_sigma_z,height_adjusted,conventional,112,0.689173954960933,0.5277768026452654,-0.46778660441388364,0.17787176544181799,0.11853545957240266
fold,2,ahn4_sigma_z,height_adjusted,fused_v1,112,0.6272239505812366,0.49857007149528887,-0.21576734491474459,0.15071435147247017,0.3261396961476239
fold,2,ahn4_sigma_z,height_adjusted,fused_v2,112,0.6336192087009672,0.5051794462592313,-0.24068598580515266,0.19209165935256667,0.3789663483812841
fold,3,ahn4_p95_height_m,raw,tessera_v1,113,3.32868357919704,2.631391399880624,0.23906153960036014,1.9754984756996405,0.39558550693004474
fold,3,ahn4_p95_height_m,raw,tessera_v2,113,3.1201194297870884,2.5150507634329347,0.3314299091219399,1.8072337318189409,0.48941940412528645
fold,3,ahn4_p95_height_m,raw,conventional,113,4.722560927591387,3.935894204437147,-0.531650395713535,3.1762628743033123,0.13085234093637457
fold,3,ahn4_p95_height_m,raw,fused_v1,113,3.5337752434800396,2.8843098223458687,0.14240477162267207,2.2031395494061825,0.43920113499945435
fold,3,ahn4_p95_height_m,raw,fused_v2,113,3.3531191304750365,2.8247249044875287,0.22784857895611343,2.069230052610725,0.4289643129979264
fold,3,ahn4_height_sd_m,raw,tessera_v1,113,1.1302631758197053,0.9174630149811173,0.3783609128769171,0.6435423421448712,0.5272454436319982
fold,3,ahn4_height_sd_m,raw,tessera_v2,113,1.1385337828753381,0.9122996697956668,0.36923004253105884,0.6305012931946387,0.5483247844592382
fold,3,ahn4_height_sd_m,raw,conventional,113,1.6662402183155125,1.3861403561856611,-0.3509969946942788,1.1761963010996364,0.2902324566190112
fold,3,ahn4_height_sd_m,raw,fused_v1,113,1.249112369442779,0.9848180367015413,0.24075458984485565,0.8405042266946028,0.6042726181381644
fold,3,ahn4_height_sd_m,raw,fused_v2,113,1.2344409411359147,0.977034388802385,0.258485255467122,0.7978729191404716,0.6746262141220125
fold,3,ahn4_height_sd_m,height_adjusted,tessera_v1,113,0.5333360733983685,0.45269210962658785,0.6487951896466109,0.10004130533866538,0.6204572738186184
fold,3,ahn4_height_sd_m,height_adjusted,tessera_v2,113,0.5171364838835555,0.44447292049268383,0.6698062155724438,0.09473172933801222,0.6502073556695406
fold,3,ahn4_height_sd_m,height_adjusted,conventional,113,0.7501497041107411,0.6339493502226217,0.30520861959722667,0.2899959194037987,0.20417985375968567
fold,3,ahn4_height_sd_m,height_adjusted,fused_v1,113,0.6276753273628565,0.5374039101993942,0.5135607022272621,0.23331046872101507,0.5611044417767107
fold,3,ahn4_height_sd_m,height_adjusted,fused_v2,113,0.6228785975321617,0.5385986304100253,0.5209670861217504,0.19105726306196766,0.6522099748990505
fold,3,ahn4_height_cv,raw,tessera_v1,113,0.0572228976212644,0.041173029439988774,0.658521591074505,-0.0015553207009527524,0.626503328604169
fold,3,ahn4_height_cv,raw,tessera_v2,113,0.0522205706335758,0.03946502313270075,0.7156149352828757,0.00032420042162622847,0.6225908545236276
fold,3,ahn4_height_cv,raw,conventional,113,0.07151142663523988,0.05944779971777107,0.4666964895396961,0.010254503340916552,0.35873076503328605
fold,3,ahn4_height_cv,raw,fused_v1,113,0.06170249813441877,0.04896883650085873,0.6029647621505465,0.006846418842816294,0.6440194259521991
fold,3,ahn4_height_cv,raw,fused_v2,113,0.060787342256501044,0.04934812528873405,0.6146548749096459,0.004143276532217319,0.5960929826476045
fold,3,ahn4_height_cv,height_adjusted,tessera_v1,113,0.05753061676276415,0.04076584961244629,0.6320214344187862,-0.0018836421866073691,0.6826039506711776
fold,3,ahn4_height_cv,height_adjusted,tessera_v2,113,0.05146826528430371,0.036578944406291426,0.7054876413607796,-0.001842358728899214,0.6118411000763941
fold,3,ahn4_height_cv,height_adjusted,conventional,113,0.0724738418579909,0.059114060824322676,0.41603471515826085,0.005136840658938619,0.33915748117428784
fold,3,ahn4_height_cv,height_adjusted,fused_v1,113,0.059645360102494036,0.04398779015199674,0.60447149102172,0.004651618397600846,0.6116173742224162
fold,3,ahn4_height_cv,height_adjusted,fused_v2,113,0.05680710171191334,0.04256661177971423,0.641218759862763,0.0014381634906266837,0.5804267161410018
fold,3,ahn4_entropy,raw,tessera_v1,113,0.2192575833078017,0.1743697873889959,0.5535441353084736,0.12756384304425533,0.6350049110553312
fold,3,ahn4_entropy,raw,tessera_v2,113,0.20892016814484365,0.1673176749288908,0.5946501470524441,0.10232774200899675,0.6193331878205827
fold,3,ahn4_entropy,raw,conventional,113,0.34415416157419665,0.26964700984202844,-0.09995606167533078,0.19583862695493176,0.14553639637673246
fold,3,ahn4_entropy,raw,fused_v1,113,0.2519364470724718,0.20235903660926463,0.41054414306610376,0.15047475707865615,0.5742606133362436
fold,3,ahn4_entropy,raw,fused_v2,113,0.24207294518584704,0.19764250309820902,0.4557959186143967,0.13352659184697863,0.5826803448652188
fold,3,ahn4_entropy,height_adjusted,tessera_v1,113,0.15001776510435763,0.11370187574701504,0.562001398450727,0.06213297142979392,0.47114482156498966
fold,3,ahn4_entropy,height_adjusted,tessera_v2,113,0.14377897407158924,0.1135620572341484,0.5976739974515135,0.03688399847860929,0.4294717887154862
fold,3,ahn4_entropy,height_adjusted,conventional,113,0.2096344674249013,0.15995225155417578,0.14471132730711345,0.08442477226716155,0.42978827894794286
fold,3,ahn4_entropy,height_adjusted,fused_v1,113,0.16902602661143382,0.13277491743057382,0.44397476011117376,0.07581124804780266,0.40396704136199935
fold,3,ahn4_entropy,height_adjusted,fused_v2,113,0.15884647234143284,0.12832134868252473,0.5089310324808485,0.058864316601706115,0.556673578522318
fold,3,ahn4_pulse_penetration,raw,tessera_v1,113,0.03709226645969013,0.027790636052811138,0.09761817509456616,-0.0029559621818972567,0.5689621303066682
fold,3,ahn4_pulse_penetration,raw,tessera_v2,113,0.03636772909182723,0.02875119097745704,0.13252700437212994,-0.001022345308396641,0.47928625995852886
fold,3,ahn4_pulse_penetration,raw,conventional,113,0.034145574089815715,0.02750228985428829,0.23529763137705906,-0.007400393646439225,0.5524337007530284
fold,3,ahn4_pulse_penetration,raw,fused_v1,113,0.032323005852928695,0.024103069062773222,0.314753100339086,-0.006290900743752808,0.61429117101386
fold,3,ahn4_pulse_penetration,raw,fused_v2,113,0.03266202435183708,0.025806546694446653,0.3003033508044609,-0.003661300359422656,0.6253519589654043
fold,3,ahn4_pulse_penetration,height_adjusted,tessera_v1,113,0.03484368810627799,0.02630621213937809,0.08930325571094577,-0.001340750906702966,0.5535086761977518
fold,3,ahn4_pulse_penetration,height_adjusted,tessera_v2,113,0.03430632008080185,0.02718046643380107,0.11717663381421528,0.0005289746575397762,0.2845465458910837
fold,3,ahn4_pulse_penetration,height_adjusted,conventional,113,0.03162709827685894,0.02627560891941101,0.24968393548199774,-0.003988044006131928,0.5996507693986686
fold,3,ahn4_pulse_penetration,height_adjusted,fused_v1,113,0.02911323875283238,0.02222046954842255,0.36422039425389274,-0.004215011209037476,0.6816872203426826
fold,3,ahn4_pulse_penetration,height_adjusted,fused_v2,113,0.030380609677652125,0.024689230450611534,0.30766144259493455,-0.0017748399639984959,0.6189566735785224
fold,3,ahn4_sigma_z,raw,tessera_v1,113,1.148841341114044,0.9128022545413038,0.32487059082774516,0.6573209125329237,0.5031048783149623
fold,3,ahn4_sigma_z,raw,tessera_v2,113,1.1636278866392384,0.9179912789457453,0.30737979367974233,0.6365592472746183,0.5841263778238568
fold,3,ahn4_sigma_z,raw,conventional,113,1.6689756730261773,1.378174304029618,-0.4248427238159336,1.1833779676736464,0.27423878642366034
fold,3,ahn4_sigma_z,raw,fused_v1,113,1.2632535735692745,0.9817136212667221,0.1837034011702381,0.8515352293882426,0.5883771690494379
fold,3,ahn4_sigma_z,raw,fused_v2,113,1.2471614173850325,0.960970207265586,0.20436798554113145,0.8112676427027687,0.6755975117319656
fold,3,ahn4_sigma_z,height_adjusted,tessera_v1,113,0.5576590937228966,0.4741333596117898,0.5637128518928849,0.1288009055469497,0.40811961148095593
fold,3,ahn4_sigma_z,height_adjusted,tessera_v2,113,0.5624454933203422,0.4739324030472857,0.5561913880551438,0.1155251350537702,0.573300229182582
fold,3,ahn4_sigma_z,height_adjusted,conventional,113,0.7521553352731811,0.6481798727572906,0.20631179988879478,0.3228715150938966,0.11617919895230815
fold,3,ahn4_sigma_z,height_adjusted,fused_v1,113,0.6524376712771471,0.5458420999690132,0.40280948597251665,0.26076095665701754,0.36334170031649027
fold,3,ahn4_sigma_z,height_adjusted,fused_v2,113,0.6518427416046089,0.5499015174354785,0.4038980937812374,0.2208768150194442,0.5739768634726617
fold,4,ahn4_p95_height_m,raw,tessera_v1,112,3.9659073307467474,3.090020665450971,-0.04797011615325264,-2.2030354205196896,0.36335486682376633
fold,4,ahn4_p95_height_m,raw,tessera_v2,112,3.8404498656127903,3.0187445172545564,0.01728411878569691,-1.9897162194893467,0.5240745697683497
fold,4,ahn4_p95_height_m,raw,conventional,112,3.164414206354508,2.456365845572517,0.3328086217172024,-0.3989387912578491,0.17332432320470598
fold,4,ahn4_p95_height_m,raw,fused_v1,112,3.7932444901819333,3.1009694185241807,0.041293999239793044,-1.7070038880632594,0.3720447017097735
fold,4,ahn4_p95_height_m,raw,fused_v2,112,3.5946484847780282,2.923266003191485,0.13905257788576209,-1.5188675962778948,0.3285380488729771
fold,4,ahn4_height_sd_m,raw,tessera_v1,112,1.4341963123800052,1.111362202437079,0.027747942901958034,-0.7634223237230423,0.43574860811702915
fold,4,ahn4_height_sd_m,raw,tessera_v2,112,1.5446245329071457,1.1972384678480879,-0.1277362078421107,-0.7867675436281238,0.44903245345829074
fold,4,ahn4_height_sd_m,raw,conventional,112,1.219987551487517,0.919469649565448,0.29648645062798074,-0.14711632260340135,0.23059510930324328
fold,4,ahn4_height_sd_m,raw,fused_v1,112,1.2774642893240642,0.9959318091243974,0.22863628669931346,-0.5296845346822444,0.3310868424504788
fold,4,ahn4_height_sd_m,raw,fused_v2,112,1.317080068983521,1.0593862120958792,0.1800525431919605,-0.5316015708023754,0.4187841132817209
fold,4,ahn4_height_sd_m,height_adjusted,tessera_v1,112,0.8144288448341368,0.6662530880587397,0.1070158511484326,-0.33994885432721605,0.5023837141062021
fold,4,ahn4_height_sd_m,height_adjusted,tessera_v2,112,0.9571248404841678,0.7596797664977818,-0.23331675558878873,-0.44387301790341255,0.413377823664905
fold,4,ahn4_height_sd_m,height_adjusted,conventional,112,0.8354143505026115,0.6318979744959778,0.0604036550694006,-0.0673111431773651,0.13452897448112758
fold,4,ahn4_height_sd_m,height_adjusted,fused_v1,112,0.7676364193080693,0.6204404101779948,0.20667964366518765,-0.21494115607862138,0.32553965173582394
fold,4,ahn4_height_sd_m,height_adjusted,fused_v2,112,0.8194057521400568,0.6669480034246738,0.09606859962221437,-0.270474848897148,0.3402281131946204
fold,4,ahn4_height_cv,raw,tessera_v1,112,0.05451444002509388,0.04257946722853356,0.43023590699887604,-0.0018490504507491636,0.5345930783729828
fold,4,ahn4_height_cv,raw,tessera_v2,112,0.05775831126964278,0.0470211795595745,0.3604110686835523,-0.009019235163861898,0.5503281805913384
fold,4,ahn4_height_cv,raw,conventional,112,0.08034642023856696,0.06512611940534573,-0.23767047073098624,-0.0041903879211043025,0.027830396610300925
fold,4,ahn4_height_cv,raw,fused_v1,112,0.06457144513848234,0.05155595867761046,0.20062055285347125,0.0024816198983040366,0.4001986317775792
fold,4,ahn4_height_cv,raw,fused_v2,112,0.059999114035379816,0.046284113232480224,0.3098211596113828,-0.0015298283923196718,0.5539420043008559
fold,4,ahn4_height_cv,height_adjusted,tessera_v1,112,0.052658773206689255,0.040438333848734534,0.4396810876443187,-0.012591749132194574,0.6791931088581807
fold,4,ahn4_height_cv,height_adjusted,tessera_v2,112,0.05939040010554588,0.04609478442961078,0.28726791586672595,-0.016872729026298553,0.5518263103191333
fold,4,ahn4_height_cv,height_adjusted,conventional,112,0.07225779613678109,0.05513068981539019,-0.05502616413641137,-0.0044774597502476475,0.12907779355147778
fold,4,ahn4_height_cv,height_adjusted,fused_v1,112,0.05609413936819996,0.044733055064321174,0.36418790451403515,-0.005630723664868174,0.4620715541768173
fold,4,ahn4_height_cv,height_adjusted,fused_v2,112,0.056177372989999336,0.044967945917526765,0.3622996428641605,-0.00801164114956929,0.4611683106898417
fold,4,ahn4_entropy,raw,tessera_v1,112,0.21014862072437482,0.1717475856636232,0.16223189215680567,-0.09600258194962939,0.43170658421854585
fold,4,ahn4_entropy,raw,tessera_v2,112,0.19228092349333567,0.1593125083123018,0.2986365426920642,-0.06480618720396993,0.40250132642477143
fold,4,ahn4_entropy,raw,conventional,112,0.22165790194063995,0.17271387670890176,0.0679543751984204,0.006888424393189588,0.16801675198804383
fold,4,ahn4_entropy,raw,fused_v1,112,0.19516016054913962,0.1593016133492184,0.27747468302941747,-0.05473645732152592,0.3121015746613832
fold,4,ahn4_entropy,raw,fused_v2,112,0.18427399076223616,0.1527552843274819,0.3558324871023716,-0.03742283801554026,0.39685407627991354
fold,4,ahn4_entropy,height_adjusted,tessera_v1,112,0.14803318848386368,0.12086632281933309,-0.040123569399103554,-0.027964260038648187,0.29757663920343347
fold,4,ahn4_entropy,height_adjusted,tessera_v2,112,0.1420699260815143,0.11229199728654472,0.04198775597559523,-0.010039509162886732,0.38570285376505464
fold,4,ahn4_entropy,height_adjusted,conventional,112,0.16110771936300883,0.12058960139337792,-0.23196806536450554,0.017270644775822897,0.13545391344434404
fold,4,ahn4_entropy,height_adjusted,fused_v1,112,0.14394441315961654,0.11314149159636415,0.016540731442138523,-0.0035143814048998793,0.25032013441104345
fold,4,ahn4_entropy,height_adjusted,fused_v2,112,0.13781258637557373,0.11028807976161674,0.0985440338690663,0.004563089091344528,0.2481677015169838
fold,4,ahn4_pulse_penetration,raw,tessera_v1,112,0.03457660467788543,0.029066605862183872,-0.283876175962702,-0.0024279243997873796,0.38030122455959775
fold,4,ahn4_pulse_penetration,raw,tessera_v2,112,0.042167441339373904,0.03587368556810703,-0.9094704847723243,-0.018193007602636164,0.30406601638659053
fold,4,ahn4_pulse_penetration,raw,conventional,112,0.031533535500468036,0.025562851478891004,-0.06783409388429096,-0.006182016145888223,0.23400124596296845
fold,4,ahn4_pulse_penetration,raw,fused_v1,112,0.033131639211702923,0.027146574887133172,-0.17881132020977653,3.070493737232065e-05,0.37432955136304413
fold,4,ahn4_pulse_penetration,raw,fused_v2,112,0.03517624022489843,0.02884244686440055,-0.3287928661382724,-0.009210154773544805,0.3666615680969748
fold,4,ahn4_pulse_penetration,height_adjusted,tessera_v1,112,0.03745337944442606,0.030481628427551217,-0.2628551315009442,-0.010033210366221007,0.33813779256362986
fold,4,ahn4_pulse_penetration,height_adjusted,tessera_v2,112,0.0480248033533905,0.040203153083598654,-1.0763602340220912,-0.0245496516788542,0.23550869651348114
fold,4,ahn4_pulse_penetration,height_adjusted,conventional,112,0.03277014019367455,0.025887194743528876,0.03321899046305221,-0.007187485445675966,0.15849618218039271
fold,4,ahn4_pulse_penetration,height_adjusted,fused_v1,112,0.03555627711315745,0.0283974016688316,-0.13816198744631314,-0.005944505954454167,0.35141136110035626
fold,4,ahn4_pulse_penetration,height_adjusted,fused_v2,112,0.03960884882292599,0.032809827774726026,-0.4123942899693709,-0.014161928999584414,0.3219507233861302
fold,4,ahn4_sigma_z,raw,tessera_v1,112,1.401046986818699,1.0874532633037755,0.040296821728267984,-0.7578776140835168,0.37173025007953236
fold,4,ahn4_sigma_z,raw,tessera_v2,112,1.4819931540553746,1.1728141849798983,-0.07380130423707532,-0.7471379015024441,0.5153447429763219
fold,4,ahn4_sigma_z,raw,conventional,112,1.1861278017222505,0.9006734305718153,0.3121487938376353,-0.09605338338253014,0.22812806544863962
fold,4,ahn4_sigma_z,raw,fused_v1,112,1.2311523628671177,0.9537979520048724,0.25893698661731,-0.5046373286868898,0.4149403892226859
fold,4,ahn4_sigma_z,raw,fused_v2,112,1.2530869199532237,1.0100318157295363,0.23229578394404038,-0.49168952704891833,0.4399168614479619
fold,4,ahn4_sigma_z,height_adjusted,tessera_v1,112,0.7947593209093746,0.6533766652814871,0.06486211939205067,-0.33060193344186406,0.38966675270503026
fold,4,ahn4_sigma_z,height_adjusted,tessera_v2,112,0.9082446597404376,0.7254495425434931,-0.2212655197692468,-0.39918074899077205,0.4354721169314471
fold,4,ahn4_sigma_z,height_adjusted,conventional,112,0.7986699576678696,0.5862028130130686,0.05563673096534394,-0.02002195245055727,0.06985209102433985
fold,4,ahn4_sigma_z,height_adjusted,fused_v1,112,0.7397564219475937,0.5932266621550778,0.1898193288275315,-0.185193993251348,0.2731849224672191
fold,4,ahn4_sigma_z,height_adjusted,fused_v2,112,0.7782369683814981,0.6382882321488756,0.1033393646960844,-0.2257815438648867,0.298410454510933
pooled,-1,ahn4_entropy,height_adjusted,conventional,589,0.17262326711966663,0.1306478016781344,0.04586823502989745,0.016299817993682533,0.3226133996255163
pooled,-1,ahn4_entropy,height_adjusted,fused_v1,589,0.15455784818789312,0.12069165341776475,0.23512262247410742,0.001372713856151368,0.40000131406558814
pooled,-1,ahn4_entropy,height_adjusted,fused_v2,589,0.14785538096497636,0.1157855044701514,0.30002269395913495,0.00013789878738396544,0.3865767411481208
pooled,-1,ahn4_entropy,height_adjusted,tessera_v1,589,0.14409572881485375,0.11329647286744617,0.33516801269079166,-0.008193834580670176,0.4415564731073949
pooled,-1,ahn4_entropy,height_adjusted,tessera_v2,589,0.1427415425840385,0.11182219804229243,0.34760524272413584,-0.01157884357674663,0.41902961745215883
pooled,-1,ahn4_entropy,raw,conventional,589,0.250329874071729,0.1907421197184797,0.04387262191543473,0.031726668510389446,0.2311405491327122
pooled,-1,ahn4_entropy,raw,fused_v1,589,0.20781962146012553,0.16426816059717597,0.34103326582560767,-0.011952489687962534,0.4638132125773574
pooled,-1,ahn4_entropy,raw,fused_v2,589,0.20308109223510493,0.16259195201295928,0.37074109044664494,-0.0060180392619087215,0.48506205503744465
pooled,-1,ahn4_entropy,raw,tessera_v1,589,0.20446905893573714,0.16240651439556889,0.36211030147875956,-0.03445534346044542,0.5305021392079532
pooled,-1,ahn4_entropy,raw,tessera_v2,589,0.19826482854380553,0.15903202633482708,0.4002341278880126,-0.027553560121040155,0.49030025126305654
pooled,-1,ahn4_height_cv,height_adjusted,conventional,589,0.06644130423416686,0.051750444568108914,0.25882196513375566,0.0024905635314678726,0.3404866841068227
pooled,-1,ahn4_height_cv,height_adjusted,fused_v1,589,0.05549118303696282,0.04364896263587775,0.4829956348691631,0.0010158414785370292,0.5694621135179496
pooled,-1,ahn4_height_cv,height_adjusted,fused_v2,589,0.05428850568598041,0.04330505036113444,0.5051631681765234,-0.0007397048014934569,0.5747571331662694
pooled,-1,ahn4_height_cv,height_adjusted,tessera_v1,589,0.05381288847941074,0.04103462703827099,0.5137956385231979,-0.003064734703703777,0.6464062296912356
pooled,-1,ahn4_height_cv,height_adjusted,tessera_v2,589,0.05307790839056653,0.04067069066996982,0.5269861650287944,-0.004831784799541493,0.6168249696840764
pooled,-1,ahn4_height_cv,raw,conventional,589,0.0726456713621222,0.058204996439931975,0.21625170882528066,0.006148396954671292,0.3039424192950624
pooled,-1,ahn4_height_cv,raw,fused_v1,589,0.0617899730940698,0.048650073889930326,0.43298684384197395,0.006443908336220185,0.5723584728377953
pooled,-1,ahn4_height_cv,raw,fused_v2,589,0.059345073425450284,0.04719423847321433,0.47697016054713315,0.0048845151487629974,0.6319680821644351
pooled,-1,ahn4_height_cv,raw,tessera_v1,589,0.05841953461020847,0.044186405159284285,0.4931571674298909,0.0032241635139675143,0.6159580863230952
pooled,-1,ahn4_height_cv,raw,tessera_v2,589,0.05626852983868964,0.04486634355032608,0.5297938988449018,0.0015751490821481774,0.6496231075370378
pooled,-1,ahn4_height_sd_m,height_adjusted,conventional,589,0.8077708108109409,0.6219114295981496,0.2123608800444674,0.03354672796524937,0.23555264961444433
pooled,-1,ahn4_height_sd_m,height_adjusted,fused_v1,589,0.7306245131751086,0.5750910770790144,0.35562386859470185,-0.04104923228934315,0.4421995722358698
pooled,-1,ahn4_height_sd_m,height_adjusted,fused_v2,589,0.7484492725529651,0.5968228036596095,0.323799156552824,-0.06235282807341143,0.4979414420462857
pooled,-1,ahn4_height_sd_m,height_adjusted,tessera_v1,589,0.731360550745729,0.5517694883426066,0.3543249142529483,-0.11682970578388667,0.5403336190709719
pooled,-1,ahn4_height_sd_m,height_adjusted,tessera_v2,589,0.7693974848660183,0.5846843705501427,0.2854173103408868,-0.15703285015944635,0.5299901371690665
pooled,-1,ahn4_height_sd_m,raw,conventional,589,1.4005336726055877,1.0696336651103815,0.12377878790651031,0.14204612386121007,0.23729169275736012
pooled,-1,ahn4_height_sd_m,raw,fused_v1,589,1.2371830426771546,0.9563183545413853,0.31625435944931357,-0.1047687036967677,0.41532069041056646
pooled,-1,ahn4_height_sd_m,raw,fused_v2,589,1.2527618750118186,0.9860589705458233,0.29892624547125446,-0.0928424396059875,0.48004149813405217
pooled,-1,ahn4_height_sd_m,raw,tessera_v1,589,1.2843241405142751,0.9909611147927213,0.26315533345093933,-0.2554190362894455,0.47113274012444456
pooled,-1,ahn4_height_sd_m,raw,tessera_v2,589,1.3145342957873334,1.0206617266494658,0.22808319605998295,-0.24624483776001085,0.4682195601920458
pooled,-1,ahn4_p95_height_m,raw,conventional,589,4.144116937527808,3.210199223744975,0.08576359291623137,0.17743943141053634,0.15545649429747402
pooled,-1,ahn4_p95_height_m,raw,fused_v1,589,3.852103126661414,3.052524990062209,0.21006688717337352,-0.6631541347657426,0.3617946796743336
pooled,-1,ahn4_p95_height_m,raw,fused_v2,589,3.7086633106629754,2.9411322906991195,0.26780067479274805,-0.5401366310479655,0.31347523592225496
pooled,-1,ahn4_p95_height_m,raw,tessera_v1,589,3.9742809204012284,3.058037062150902,0.15916335225895117,-1.0091110614927346,0.3305119574984114
pooled,-1,ahn4_p95_height_m,raw,tessera_v2,589,3.7999054778918833,2.939270390409704,0.2313297089505656,-0.8537198755756321,0.4042289203620375
pooled,-1,ahn4_pulse_penetration,height_adjusted,conventional,589,0.03374621544464175,0.027123678521500036,0.17128775327218404,0.0006350695278002548,0.29889273260162064
pooled,-1,ahn4_pulse_penetration,height_adjusted,fused_v1,589,0.032661509529587705,0.025493778146351273,0.22370620847149902,0.002054536245950215,0.42537379543633935
pooled,-1,ahn4_pulse_penetration,height_adjusted,fused_v2,589,0.03524209240492196,0.028332909387868553,0.09619034085424749,0.00041067730106899967,0.4148731239726513
pooled,-1,ahn4_pulse_penetration,height_adjusted,tessera_v1,589,0.035280045517332534,0.027853008074532174,0.09424262107880588,0.0029642264864305963,0.3542506292232833
pooled,-1,ahn4_pulse_penetration,height_adjusted,tessera_v2,589,0.03939452239152001,0.031692193922968376,-0.12934149714819698,-0.0018785731861248281,0.2538638772914647
pooled,-1,ahn4_pulse_penetration,raw,conventional,589,0.03495518697774952,0.028058006820346326,0.09628702536034417,0.0007242855295439563,0.32375695316707714
pooled,-1,ahn4_pulse_penetration,raw,fused_v1,589,0.03331655001464486,0.02621666876666571,0.17902996725085385,0.004486809469064291,0.4223313673530096
pooled,-1,ahn4_pulse_penetration,raw,fused_v2,589,0.034861283198959515,0.02777662930594325,0.10113598104701371,0.002321456045482125,0.43977189221137486
pooled,-1,ahn4_pulse_penetration,raw,tessera_v1,589,0.036333402953247766,0.029098629022756974,0.023618798605987368,0.006372562769356939,0.4024045706573931
pooled,-1,ahn4_pulse_penetration,raw,tessera_v2,589,0.038732413195112995,0.03146693178654664,-0.10957425363348006,0.0007926687827397708,0.3168874525281164
pooled,-1,ahn4_sigma_z,height_adjusted,conventional,589,0.7908781170451832,0.6085275100019761,0.16586307701011704,0.055358282279080066,0.15063405049799175
pooled,-1,ahn4_sigma_z,height_adjusted,fused_v1,589,0.7269046137213037,0.5700170620127624,0.2953506135868472,-0.022973965253031314,0.3453031015981748
pooled,-1,ahn4_sigma_z,height_adjusted,fused_v2,589,0.7411044543349256,0.589685359966043,0.267551532821772,-0.04348270810028509,0.4117213342388674
pooled,-1,ahn4_sigma_z,height_adjusted,tessera_v1,589,0.7279700288873144,0.555582126913578,0.2932835079252274,-0.09986242404178881,0.4436602945430943
pooled,-1,ahn4_sigma_z,height_adjusted,tessera_v2,589,0.7575618575734612,0.5780378386445016,0.23465997200477173,-0.13800590504601207,0.46874837564896904
pooled,-1,ahn4_sigma_z,raw,conventional,589,1.3754455358292954,1.0520586071722149,0.10310565173692521,0.1606509192903254,0.2277254941762244
pooled,-1,ahn4_sigma_z,raw,fused_v1,589,1.2118004110612695,0.9337556501371977,0.30382779145668926,-0.09025457408646478,0.43528525092502096
pooled,-1,ahn4_sigma_z,raw,fused_v2,589,1.2224886723232913,0.9611005107422435,0.29149294625217836,-0.07784778688229352,0.4755391659851089
pooled,-1,ahn4_sigma_z,raw,tessera_v1,589,1.2588971514260794,0.9625129502083464,0.2486626256425012,-0.2413716318132967,0.43030302968413503
pooled,-1,ahn4_sigma_z,raw,tessera_v2,589,1.2803672560926838,0.9946042950743034,0.2228164329374248,-0.2311643421035977,0.4947433133136314
