preserved_source_path,current_path
configs/phase14_scotland_lidar.yaml,configs/scotland_lidar.yaml
configs/phase15_arran_lidar.yaml,configs/arran_lidar.yaml
configs/phase16_scotland_evidence.yaml,configs/scotland_evidence.yaml
configs/phase17_cairngorms_heterogeneity.yaml,configs/cairngorms_heterogeneity.yaml
configs/phase18_cairngorms_spatial_heads.yaml,configs/cairngorms_spatial_heads.yaml
configs/phase19_cairngorms_diagnostics.yaml,configs/cairngorms_diagnostics.yaml
configs/phase20_cairngorms_components.yaml,configs/cairngorms_components.yaml
configs/phase21_cairngorms_surface.yaml,configs/cairngorms_surface.yaml
configs/phase22_cairngorms_spatial_unet.yaml,configs/cairngorms_spatial_unet.yaml
configs/phase23_cairngorms_height_adjusted.yaml,configs/cairngorms_height_adjusted.yaml
configs/phase24_cairngorms_height_diagnostic.yaml,configs/cairngorms_height_diagnostic.yaml
configs/phase25_cairngorms_corrected_lidar.yaml,configs/cairngorms_point_cloud_cairngorms_corrected_lidar.yaml
configs/phase26_ahn4_deciduous.yaml,configs/ahn4_replication_ahn4_deciduous.yaml
configs/phase27_tessera_v2.yaml,configs/tessera_v2.yaml
configs/phase28_cairngorms_v2_unet.yaml,configs/cairngorms_v2_unet.yaml
configs/phase29_cairngorms_v2_surface.yaml,configs/cairngorms_v2_surface.yaml
configs/phase30_cairngorms_v2_height_unet.yaml,configs/cairngorms_v2_height_unet.yaml
configs/phase31_cairngorms_v2_height_strict_unet.yaml,configs/cairngorms_v2_height_strict_unet.yaml
configs/phase32_scotland_netherlands_transfer.yaml,configs/scotland_netherlands_transfer.yaml
configs/phase33_cairngorms_flip_augmentation.yaml,configs/reflection_augmentation_cairngorms_flip_augmentation.yaml
configs/phase34_scotland_netherlands_pooled.yaml,configs/pooled_transfer_scotland_netherlands_pooled.yaml
configs/phase35_scotland_netherlands_pooled_mlp.yaml,configs/pooled_mlp_scotland_netherlands_pooled_mlp.yaml
configs/phase36_dutch_multisite_transfer.yaml,configs/dutch_multisite_transfer.yaml
configs/phase37_dutch_expanded_transfer.yaml,configs/dutch_expanded_transfer.yaml
configs/phase38_dutch_reference_assisted.yaml,configs/dutch_reference_assisted.yaml
configs/phase39_dutch_rank_transfer.yaml,configs/dutch_rank_transfer.yaml
configs/phase40_cairngorms_reference_uncertainty.yaml,configs/reference_uncertainty_cairngorms_reference_uncertainty.yaml
scripts/acquire_phase13_2025_extension.py,scripts/acquire_acquisition_replication_2025_extension.py
scripts/acquire_phase13_target_free_gedi.py,scripts/acquire_acquisition_replication_target_free_gedi.py
scripts/acquire_phase26_ahn4_conventional.py,scripts/acquire_ahn4_replication_ahn4_conventional.py
scripts/acquire_phase26_ahn4_tessera.py,scripts/acquire_ahn4_replication_ahn4_tessera.py
scripts/acquire_phase27_tessera_v2.py,scripts/acquire_tessera_v2.py
scripts/acquire_phase28_cairngorms_v2_dense.py,scripts/acquire_cairngorms_v2_unet_cairngorms_v2_dense.py
scripts/acquire_phase36_dutch_v1.py,scripts/acquire_dutch_multisite_dutch_v1.py
scripts/acquire_phase36_dutch_v2.py,scripts/acquire_dutch_multisite_dutch_v2.py
scripts/aggregate_phase20_cairngorms_components.py,scripts/aggregate_cairngorms_components.py
scripts/aggregate_phase21_cairngorms_surface.py,scripts/aggregate_cairngorms_surface.py
scripts/aggregate_phase22_cairngorms_spatial_unet.py,scripts/aggregate_cairngorms_spatial_unet.py
scripts/aggregate_phase23_cairngorms_height_adjusted.py,scripts/aggregate_cairngorms_height_adjusted.py
scripts/aggregate_phase25_cairngorms_corrected_lidar.py,scripts/aggregate_cairngorms_point_cloud_cairngorms_corrected_lidar.py
scripts/aggregate_phase27_cairngorms_v2.py,scripts/aggregate_tessera_v2_cairngorms_v2.py
scripts/aggregate_phase28_cairngorms_v2_unet.py,scripts/aggregate_cairngorms_v2_unet.py
scripts/aggregate_phase29_cairngorms_v2_surface.py,scripts/aggregate_cairngorms_v2_surface.py
scripts/aggregate_phase30_cairngorms_v2_height.py,scripts/aggregate_cairngorms_v2_height.py
scripts/aggregate_phase31_cairngorms_v2_height_strict.py,scripts/aggregate_cairngorms_v2_height_strict.py
scripts/aggregate_phase33_cairngorms_flip_augmentation.py,scripts/aggregate_reflection_augmentation_cairngorms_flip_augmentation.py
scripts/analyze_phase11_context_height_result.py,scripts/analyze_context_height_result.py
scripts/analyze_phase12_track_budget.py,scripts/analyze_track_assisted_track_budget.py
scripts/analyze_phase13_error_decomposition.py,scripts/analyze_acquisition_replication_error_decomposition.py
scripts/analyze_phase24_cairngorms_height.py,scripts/analyze_cairngorms_height_diagnostic_cairngorms_height.py
scripts/analyze_phase40_cairngorms_reference_uncertainty.py,scripts/analyze_reference_uncertainty_cairngorms_reference_uncertainty.py
scripts/analyze_phase5_disturbance_variation.py,scripts/analyze_local_adaptation_disturbance_variation.py
scripts/analyze_phase8_fhd_height_dependence.py,scripts/analyze_fair_baselines_fhd_height_dependence.py
scripts/audit_phase10_unseen_sites.py,scripts/audit_height_adjustment_unseen_sites.py
scripts/audit_phase28_cairngorms_v2_unet.py,scripts/audit_cairngorms_v2_unet.py
scripts/audit_phase4_generalization.py,scripts/audit_development_transfer_generalization.py
scripts/audit_phase7_site_expansion.py,scripts/audit_expanded_loso_site_expansion.py
scripts/build_phase11_tessera_context.py,scripts/build_context_height_tessera_context.py
scripts/build_phase13_conventional_predictors.py,scripts/build_acquisition_replication_conventional_predictors.py
scripts/build_phase13_regional_map.py,scripts/build_acquisition_replication_regional_map.py
scripts/build_phase13_tessera_alignment.py,scripts/build_acquisition_replication_tessera_alignment.py
scripts/build_phase7_gedi_expansion.py,scripts/build_expanded_loso_gedi_expansion.py
scripts/build_phase7_tessera_alignment.py,scripts/build_expanded_loso_tessera_alignment.py
scripts/build_phase8_conventional_predictors.py,scripts/build_fair_baselines_conventional_predictors.py
scripts/build_phase9_habitat_profiles.py,scripts/build_habitat_transfer_habitat_profiles.py
scripts/build_phase9_prospective_conventional_predictors.py,scripts/build_habitat_transfer_prospective_conventional_predictors.py
scripts/build_phase9_prospective_gedi.py,scripts/build_habitat_transfer_prospective_gedi.py
scripts/build_phase9_prospective_tessera_alignment.py,scripts/build_habitat_transfer_prospective_tessera_alignment.py
scripts/collect_phase36_dutch_multisite.sh,scripts/collect_dutch_multisite.sh
scripts/collect_phase37_dutch_expanded.sh,scripts/collect_dutch_expanded.sh
scripts/collect_phase39_dutch_rank_transfer.sh,scripts/collect_dutch_rank_transfer.sh
scripts/collect_phase40_reference_uncertainty.sh,scripts/collect_reference_uncertainty.sh
scripts/deploy_phase20_cairngorms_to_jasmin.sh,scripts/deploy_cairngorms_components_cairngorms_to_jasmin.sh
scripts/deploy_phase21_cairngorms_to_jasmin.sh,scripts/deploy_cairngorms_surface_cairngorms_to_jasmin.sh
scripts/deploy_phase22_cairngorms_to_jasmin.sh,scripts/deploy_cairngorms_spatial_unet_cairngorms_to_jasmin.sh
scripts/deploy_phase23_cairngorms_to_jasmin.sh,scripts/deploy_cairngorms_height_adjusted_cairngorms_to_jasmin.sh
scripts/deploy_phase25_cairngorms_to_jasmin.sh,scripts/deploy_cairngorms_point_cloud_cairngorms_to_jasmin.sh
scripts/deploy_phase26_ahn4_download.sh,scripts/deploy_ahn4_replication_ahn4_download.sh
scripts/deploy_phase26_ahn4_replication.sh,scripts/deploy_ahn4_replication.sh
scripts/deploy_phase27_tessera_v2.sh,scripts/deploy_tessera_v2.sh
scripts/deploy_phase28_cairngorms_v2_unet.sh,scripts/deploy_cairngorms_v2_unet.sh
scripts/deploy_phase29_cairngorms_v2_surface.sh,scripts/deploy_cairngorms_v2_surface.sh
scripts/deploy_phase30_cairngorms_v2_height.sh,scripts/deploy_cairngorms_v2_height.sh
scripts/deploy_phase31_cairngorms_v2_height_strict.sh,scripts/deploy_cairngorms_v2_height_strict.sh
scripts/deploy_phase33_cairngorms_flip_augmentation.sh,scripts/deploy_reflection_augmentation_cairngorms_flip_augmentation.sh
scripts/deploy_phase36_dutch_multisite.sh,scripts/deploy_dutch_multisite.sh
scripts/deploy_phase37_dutch_expanded.sh,scripts/deploy_dutch_expanded.sh
scripts/deploy_phase38_dutch_reference_assisted.sh,scripts/deploy_dutch_reference_assisted.sh
scripts/deploy_phase39_dutch_rank_transfer.sh,scripts/deploy_dutch_rank_transfer.sh
scripts/deploy_phase40_reference_uncertainty.sh,scripts/deploy_reference_uncertainty.sh
scripts/diagnose_phase4_domain_shift.py,scripts/diagnose_development_transfer_domain_shift.py
scripts/diagnose_phase8_domain_shift.py,scripts/diagnose_fair_baselines_domain_shift.py
scripts/evaluate_phase10_height_adjusted_existing.py,scripts/evaluate_height_adjustment_height_adjusted_existing.py
scripts/evaluate_phase13_track_replication.py,scripts/evaluate_acquisition_replication_track_replication.py
scripts/evaluate_phase26_ahn4.py,scripts/evaluate_ahn4_replication_ahn4.py
scripts/evaluate_phase27_savelsbos_v2.py,scripts/evaluate_tessera_v2_savelsbos_v2.py
scripts/evaluate_phase32_scotland_netherlands_transfer.py,scripts/evaluate_scotland_netherlands_transfer.py
scripts/evaluate_phase34_scotland_netherlands_pooled.py,scripts/evaluate_pooled_transfer_scotland_netherlands_pooled.py
scripts/evaluate_phase35_scotland_netherlands_pooled_mlp.py,scripts/evaluate_pooled_mlp_scotland_netherlands_pooled_mlp.py
scripts/evaluate_phase36_dutch_transfer.py,scripts/evaluate_dutch_multisite_dutch_transfer.py
scripts/evaluate_phase37_dutch_expanded.py,scripts/evaluate_dutch_expanded.py
scripts/evaluate_phase38_dutch_reference_assisted.py,scripts/evaluate_dutch_reference_assisted.py
scripts/evaluate_phase39_dutch_rank_transfer.py,scripts/evaluate_dutch_rank_transfer.py
scripts/evaluate_phase4_locked_bart.py,scripts/evaluate_development_transfer_locked_bart.py
scripts/evaluate_phase5_bart_coral.py,scripts/evaluate_local_adaptation_bart_coral.py
scripts/evaluate_phase7_prospective.py,scripts/evaluate_expanded_loso_prospective.py
scripts/evaluate_phase9_prospective_transfer.py,scripts/evaluate_habitat_transfer_prospective_transfer.py
scripts/freeze_phase10_source_height_model.py,scripts/freeze_height_adjustment_source_height_model.py
scripts/freeze_phase12_track_assisted_splits.py,scripts/freeze_track_assisted_splits.py
scripts/freeze_phase13_combined_cohort.py,scripts/freeze_acquisition_replication_combined_cohort.py
scripts/freeze_phase13_track_predictions.py,scripts/freeze_acquisition_replication_track_predictions.py
scripts/freeze_phase26_ahn4_site.py,scripts/freeze_ahn4_replication_ahn4_site.py
scripts/freeze_phase3_spatial_folds.py,scripts/freeze_baseline_spatial_folds.py
scripts/freeze_phase9_prospective_predictions.py,scripts/freeze_habitat_transfer_prospective_predictions.py
scripts/jasmin/phase20_aggregate.sbatch,scripts/jasmin/cairngorms_components_aggregate.sbatch
scripts/jasmin/phase20_prepare.sbatch,scripts/jasmin/cairngorms_components_prepare.sbatch
scripts/jasmin/phase20_train_array.sbatch,scripts/jasmin/cairngorms_components_train_array.sbatch
scripts/jasmin/phase21_aggregate.sbatch,scripts/jasmin/cairngorms_surface_aggregate.sbatch
scripts/jasmin/phase21_prepare.sbatch,scripts/jasmin/cairngorms_surface_prepare.sbatch
scripts/jasmin/phase21_train_array.sbatch,scripts/jasmin/cairngorms_surface_train_array.sbatch
scripts/jasmin/phase22_aggregate.sbatch,scripts/jasmin/cairngorms_spatial_unet_aggregate.sbatch
scripts/jasmin/phase22_prepare.sbatch,scripts/jasmin/cairngorms_spatial_unet_prepare.sbatch
scripts/jasmin/phase22_scalar_array.sbatch,scripts/jasmin/cairngorms_spatial_unet_scalar_array.sbatch
scripts/jasmin/phase22_unet_array.sbatch,scripts/jasmin/cairngorms_spatial_unet_unet_array.sbatch
scripts/jasmin/phase23_aggregate.sbatch,scripts/jasmin/cairngorms_height_adjusted_aggregate.sbatch
scripts/jasmin/phase23_prepare.sbatch,scripts/jasmin/cairngorms_height_adjusted_prepare.sbatch
scripts/jasmin/phase23_train_array.sbatch,scripts/jasmin/cairngorms_height_adjusted_train_array.sbatch
scripts/jasmin/phase25_aggregate.sbatch,scripts/jasmin/cairngorms_point_cloud_aggregate.sbatch
scripts/jasmin/phase25_prepare.sbatch,scripts/jasmin/cairngorms_point_cloud_prepare.sbatch
scripts/jasmin/phase25_train_array.sbatch,scripts/jasmin/cairngorms_point_cloud_train_array.sbatch
scripts/jasmin/phase26_conventional.sbatch,scripts/jasmin/ahn4_replication_conventional.sbatch
scripts/jasmin/phase26_download_ahn4.sbatch,scripts/jasmin/ahn4_replication_download_ahn4.sbatch
scripts/jasmin/phase26_evaluate.sbatch,scripts/jasmin/ahn4_replication_evaluate.sbatch
scripts/jasmin/phase26_prepare.sbatch,scripts/jasmin/ahn4_replication_prepare.sbatch
scripts/jasmin/phase26_tessera.sbatch,scripts/jasmin/ahn4_replication_tessera.sbatch
scripts/jasmin/phase27_cairngorms_acquire.sbatch,scripts/jasmin/tessera_v2_cairngorms_acquire.sbatch
scripts/jasmin/phase27_cairngorms_aggregate.sbatch,scripts/jasmin/tessera_v2_cairngorms_aggregate.sbatch
scripts/jasmin/phase27_cairngorms_train_array.sbatch,scripts/jasmin/tessera_v2_cairngorms_train_array.sbatch
scripts/jasmin/phase27_savelsbos_acquire.sbatch,scripts/jasmin/tessera_v2_savelsbos_acquire.sbatch
scripts/jasmin/phase27_savelsbos_evaluate.sbatch,scripts/jasmin/tessera_v2_savelsbos_evaluate.sbatch
scripts/jasmin/phase28_acquire.sbatch,scripts/jasmin/cairngorms_v2_unet_acquire.sbatch
scripts/jasmin/phase28_aggregate.sbatch,scripts/jasmin/cairngorms_v2_unet_aggregate.sbatch
scripts/jasmin/phase28_prepare.sbatch,scripts/jasmin/cairngorms_v2_unet_prepare.sbatch
scripts/jasmin/phase28_train_array.sbatch,scripts/jasmin/cairngorms_v2_unet_train_array.sbatch
scripts/jasmin/phase29_aggregate.sbatch,scripts/jasmin/cairngorms_v2_surface_aggregate.sbatch
scripts/jasmin/phase29_prepare.sbatch,scripts/jasmin/cairngorms_v2_surface_prepare.sbatch
scripts/jasmin/phase29_train_array.sbatch,scripts/jasmin/cairngorms_v2_surface_train_array.sbatch
scripts/jasmin/phase30_aggregate.sbatch,scripts/jasmin/cairngorms_v2_height_aggregate.sbatch
scripts/jasmin/phase30_prepare.sbatch,scripts/jasmin/cairngorms_v2_height_prepare.sbatch
scripts/jasmin/phase30_train_array.sbatch,scripts/jasmin/cairngorms_v2_height_train_array.sbatch
scripts/jasmin/phase31_aggregate.sbatch,scripts/jasmin/cairngorms_v2_height_strict_aggregate.sbatch
scripts/jasmin/phase31_train_array.sbatch,scripts/jasmin/cairngorms_v2_height_strict_train_array.sbatch
scripts/jasmin/phase33_aggregate.sbatch,scripts/jasmin/reflection_augmentation_aggregate.sbatch
scripts/jasmin/phase33_train_array.sbatch,scripts/jasmin/reflection_augmentation_train_array.sbatch
scripts/jasmin/phase36_acquire.sbatch,scripts/jasmin/dutch_multisite_acquire.sbatch
scripts/jasmin/phase36_evaluate.sbatch,scripts/jasmin/dutch_multisite_evaluate.sbatch
scripts/jasmin/phase36_prepare.sbatch,scripts/jasmin/dutch_multisite_prepare.sbatch
scripts/jasmin/phase37_acquire.sbatch,scripts/jasmin/dutch_expanded_acquire.sbatch
scripts/jasmin/phase37_aggregate.sbatch,scripts/jasmin/dutch_expanded_aggregate.sbatch
scripts/jasmin/phase37_evaluate_array.sbatch,scripts/jasmin/dutch_expanded_evaluate_array.sbatch
scripts/jasmin/phase37_prepare.sbatch,scripts/jasmin/dutch_expanded_prepare.sbatch
scripts/jasmin/phase38_reference_assisted_aggregate.sbatch,scripts/jasmin/dutch_reference_assisted_reference_assisted_aggregate.sbatch
scripts/jasmin/phase38_reference_assisted_array.sbatch,scripts/jasmin/dutch_reference_assisted_reference_assisted_array.sbatch
scripts/jasmin/phase39_rank_transfer_aggregate.sbatch,scripts/jasmin/dutch_rank_transfer_rank_transfer_aggregate.sbatch
scripts/jasmin/phase39_rank_transfer_array.sbatch,scripts/jasmin/dutch_rank_transfer_rank_transfer_array.sbatch
scripts/jasmin/phase40_reference_uncertainty_aggregate.sbatch,scripts/jasmin/reference_uncertainty_aggregate.sbatch
scripts/jasmin/phase40_reference_uncertainty_array.sbatch,scripts/jasmin/reference_uncertainty_array.sbatch
scripts/launch_phase34_scotland_netherlands_pooled.sh,scripts/launch_pooled_transfer_scotland_netherlands_pooled.sh
scripts/launch_phase35_scotland_netherlands_pooled_mlp.sh,scripts/launch_pooled_mlp_scotland_netherlands_pooled_mlp.sh
scripts/make_phase19_prediction_density_figure.py,scripts/make_cairngorms_diagnostics_prediction_density_figure.py
scripts/make_phase31_aneesh_diagnostics.py,scripts/make_cairngorms_v2_height_strict_aneesh_diagnostics.py
scripts/pause_phase19_cairngorms.sh,scripts/pause_cairngorms_diagnostics_cairngorms.sh
scripts/phase15_arran_lidar_core.py,scripts/arran_lidar_core.py
scripts/phase18_neural_worker.py,scripts/cairngorms_spatial_heads_neural_worker.py
scripts/phase19_neural_worker.py,scripts/cairngorms_diagnostics_neural_worker.py
scripts/phase20_components_worker.py,scripts/cairngorms_components_components_worker.py
scripts/phase20_download_and_submit_remote.sh,scripts/cairngorms_components_download_and_submit_remote.sh
scripts/phase21_surface_worker.py,scripts/cairngorms_surface_surface_worker.py
scripts/phase22_spatial_unet_worker.py,scripts/cairngorms_spatial_unet_spatial_unet_worker.py
scripts/phase23_height_adjusted_worker.py,scripts/cairngorms_height_adjusted_height_adjusted_worker.py
scripts/phase25_corrected_lidar_worker.py,scripts/cairngorms_point_cloud_corrected_lidar_worker.py
scripts/phase27_cairngorms_v2_worker.py,scripts/tessera_v2_cairngorms_v2_worker.py
scripts/phase28_cairngorms_v2_unet_worker.py,scripts/cairngorms_v2_unet_worker.py
scripts/phase29_v2_surface_adjusted_worker.py,scripts/cairngorms_v2_surface_v2_surface_adjusted_worker.py
scripts/phase29_v2_surface_raw_worker.py,scripts/cairngorms_v2_surface_v2_surface_raw_worker.py
scripts/phase30_cairngorms_v2_height_worker.py,scripts/cairngorms_v2_height_worker.py
scripts/phase31_cairngorms_v2_height_strict_worker.py,scripts/cairngorms_v2_height_strict_worker.py
scripts/phase33_flip_augmented_worker.py,scripts/reflection_augmentation_flip_augmented_worker.py
scripts/phase33_flip_mlp_common.py,scripts/reflection_augmentation_flip_mlp_common.py
scripts/poll_phase18_cairngorms.sh,scripts/poll_cairngorms_spatial_heads_cairngorms.sh
scripts/poll_phase19_cairngorms.sh,scripts/poll_cairngorms_diagnostics_cairngorms.sh
scripts/poll_phase20_cairngorms_jasmin.sh,scripts/poll_cairngorms_components_cairngorms_jasmin.sh
scripts/poll_phase21_cairngorms_jasmin.sh,scripts/poll_cairngorms_surface_cairngorms_jasmin.sh
scripts/poll_phase22_cairngorms_jasmin.sh,scripts/poll_cairngorms_spatial_unet_cairngorms_jasmin.sh
scripts/poll_phase23_cairngorms_jasmin.sh,scripts/poll_cairngorms_height_adjusted_cairngorms_jasmin.sh
scripts/poll_phase25_cairngorms_jasmin.sh,scripts/poll_cairngorms_point_cloud_cairngorms_jasmin.sh
scripts/poll_phase26_ahn4_jasmin.sh,scripts/poll_ahn4_replication_ahn4_jasmin.sh
scripts/poll_phase26_ahn4_replication.sh,scripts/poll_ahn4_replication.sh
scripts/poll_phase27_tessera_v2.sh,scripts/poll_tessera_v2.sh
scripts/poll_phase28_cairngorms_v2_unet.sh,scripts/poll_cairngorms_v2_unet.sh
scripts/poll_phase29_cairngorms_v2_surface.sh,scripts/poll_cairngorms_v2_surface.sh
scripts/poll_phase30_cairngorms_v2_height.sh,scripts/poll_cairngorms_v2_height.sh
scripts/poll_phase31_cairngorms_v2_height_strict.sh,scripts/poll_cairngorms_v2_height_strict.sh
scripts/poll_phase33_cairngorms_flip_augmentation.sh,scripts/poll_reflection_augmentation_cairngorms_flip_augmentation.sh
scripts/poll_phase34_scotland_netherlands_pooled.sh,scripts/poll_pooled_transfer_scotland_netherlands_pooled.sh
scripts/poll_phase35_scotland_netherlands_pooled_mlp.sh,scripts/poll_pooled_mlp_scotland_netherlands_pooled_mlp.sh
scripts/poll_phase36_dutch_multisite.sh,scripts/poll_dutch_multisite.sh
scripts/poll_phase37_dutch_expanded.sh,scripts/poll_dutch_expanded.sh
scripts/poll_phase38_dutch_reference_assisted.sh,scripts/poll_dutch_reference_assisted.sh
scripts/poll_phase39_dutch_rank_transfer.sh,scripts/poll_dutch_rank_transfer.sh
scripts/poll_phase40_reference_uncertainty.sh,scripts/poll_reference_uncertainty.sh
scripts/prepare_neon_phase5_manifest.py,scripts/prepare_neon_local_adaptation_manifest.py
scripts/prepare_phase20_cairngorms_components.py,scripts/prepare_cairngorms_components.py
scripts/prepare_phase21_cairngorms_surface.py,scripts/prepare_cairngorms_surface.py
scripts/prepare_phase22_cairngorms_spatial_unet.py,scripts/prepare_cairngorms_spatial_unet.py
scripts/prepare_phase23_cairngorms_height_adjusted.py,scripts/prepare_cairngorms_height_adjusted.py
scripts/prepare_phase25_cairngorms_corrected_lidar.py,scripts/prepare_cairngorms_point_cloud_cairngorms_corrected_lidar.py
scripts/prepare_phase26_ahn4_cohort.py,scripts/prepare_ahn4_replication_ahn4_cohort.py
scripts/prepare_phase28_cairngorms_v2_unet.py,scripts/prepare_cairngorms_v2_unet.py
scripts/prepare_phase29_cairngorms_v2_surface.py,scripts/prepare_cairngorms_v2_surface.py
scripts/prepare_phase30_cairngorms_v2_height.py,scripts/prepare_cairngorms_v2_height.py
scripts/prepare_phase36_dutch_multisite.py,scripts/prepare_dutch_multisite.py
scripts/prepare_phase37_dutch_expanded.py,scripts/prepare_dutch_expanded.py
scripts/prepare_phase5_bart_coral_predictions.py,scripts/prepare_local_adaptation_bart_coral_predictions.py
scripts/prepare_phase7_prospective_predictions.py,scripts/prepare_expanded_loso_prospective_predictions.py
scripts/resume_phase19_cairngorms.sh,scripts/resume_cairngorms_diagnostics_cairngorms.sh
scripts/run_phase11_context_height_transfer.py,scripts/run_context_height_transfer.py
scripts/run_phase11_footprint_height_transfer.py,scripts/run_context_height_footprint_height_transfer.py
scripts/run_phase12_track_assisted_prediction.py,scripts/run_track_assisted_prediction.py
scripts/run_phase13_background.sh,scripts/run_acquisition_replication_background.sh
scripts/run_phase14_scotland_background.sh,scripts/run_scotland_lidar_scotland_background.sh
scripts/run_phase14_scotland_lidar.py,scripts/run_scotland_lidar.py
scripts/run_phase15_arran_background.sh,scripts/run_arran_lidar_arran_background.sh
scripts/run_phase15_arran_lidar.py,scripts/run_arran_lidar.py
scripts/run_phase16_scotland_background.sh,scripts/run_scotland_evidence_scotland_background.sh
scripts/run_phase16_scotland_evidence.py,scripts/run_scotland_evidence.py
scripts/run_phase17_cairngorms_background.sh,scripts/run_cairngorms_heterogeneity_cairngorms_background.sh
scripts/run_phase17_cairngorms_heterogeneity.py,scripts/run_cairngorms_heterogeneity.py
scripts/run_phase18_cairngorms_background.sh,scripts/run_cairngorms_spatial_heads_cairngorms_background.sh
scripts/run_phase18_cairngorms_spatial_heads.py,scripts/run_cairngorms_spatial_heads.py
scripts/run_phase19_cairngorms_background.sh,scripts/run_cairngorms_diagnostics_cairngorms_background.sh
scripts/run_phase19_cairngorms_diagnostics.py,scripts/run_cairngorms_diagnostics.py
scripts/run_phase22_cairngorms_background.sh,scripts/run_cairngorms_spatial_unet_cairngorms_background.sh
scripts/run_phase23_cairngorms_background.sh,scripts/run_cairngorms_height_adjusted_cairngorms_background.sh
scripts/run_phase34_scotland_netherlands_pooled_background.sh,scripts/run_pooled_transfer_scotland_netherlands_pooled_background.sh
scripts/run_phase35_scotland_netherlands_pooled_mlp_background.sh,scripts/run_pooled_mlp_scotland_netherlands_pooled_mlp_background.sh
scripts/run_phase3_extended_experiments.py,scripts/run_baseline_extended_experiments.py
scripts/run_phase4_development_transfer.py,scripts/run_development_transfer.py
scripts/run_phase5_bart_few_shot_adaptation.py,scripts/run_local_adaptation_bart_few_shot_adaptation.py
scripts/run_phase5_bart_local_validation.py,scripts/run_local_adaptation_bart_local_validation.py
scripts/run_phase6_multisite_loso.py,scripts/run_multisite_loso.py
scripts/run_phase7_expanded_loso.py,scripts/run_expanded_loso.py
scripts/run_phase8_fair_baselines.py,scripts/run_fair_baselines.py
scripts/run_phase8_radar_sensitivity.py,scripts/run_fair_baselines_radar_sensitivity.py
scripts/run_phase9_habitat_conditioned_transfer.py,scripts/run_habitat_transfer_habitat_conditioned_transfer.py
scripts/run_phase9_matched_size_source_control.py,scripts/run_habitat_transfer_matched_size_source_control.py
scripts/run_phase9_prospective_conventional_comparison.py,scripts/run_habitat_transfer_prospective_conventional_comparison.py
scripts/summarize_phase27_tessera_v2.py,scripts/summarize_tessera_v2.py
scripts/sync_phase20_cairngorms_results_from_jasmin.sh,scripts/sync_cairngorms_components_cairngorms_results_from_jasmin.sh
scripts/sync_phase21_cairngorms_results_from_jasmin.sh,scripts/sync_cairngorms_surface_cairngorms_results_from_jasmin.sh
scripts/train_phase3_baselines.py,scripts/train_baselines.py
scripts/uk.ac.cam.tessera-gedi-fhd.phase16-scotland.plist,scripts/uk.ac.cam.tessera-gedi-fhd.scotland_evidence_scotland.plist
scripts/uk.ac.cam.tessera-gedi-fhd.phase17-cairngorms.plist,scripts/uk.ac.cam.tessera-gedi-fhd.cairngorms_heterogeneity_cairngorms.plist
scripts/uk.ac.cam.tessera-gedi-fhd.phase18-cairngorms.plist,scripts/uk.ac.cam.tessera-gedi-fhd.cairngorms_spatial_heads_cairngorms.plist
scripts/uk.ac.cam.tessera-gedi-fhd.phase19-cairngorms.plist,scripts/uk.ac.cam.tessera-gedi-fhd.cairngorms_diagnostics_cairngorms.plist
scripts/uk.ac.cam.tessera-gedi-fhd.phase19-pause.plist,scripts/uk.ac.cam.tessera-gedi-fhd.cairngorms_diagnostics_pause.plist
scripts/validate_phase10.py,scripts/validate_height_adjustment_.py
scripts/validate_phase11.py,scripts/validate_context_height_.py
scripts/validate_phase12.py,scripts/validate_track_assisted_.py
scripts/validate_phase3.py,scripts/validate_baseline_.py
scripts/validate_phase3_extended.py,scripts/validate_baseline_extended.py
scripts/validate_phase4.py,scripts/validate_development_transfer_.py
scripts/validate_phase5.py,scripts/validate_local_adaptation_.py
scripts/validate_phase6.py,scripts/validate_multisite_loso_.py
scripts/validate_phase7.py,scripts/validate_expanded_loso_.py
scripts/validate_phase8.py,scripts/validate_fair_baselines_.py
scripts/validate_phase9.py,scripts/validate_habitat_transfer_.py
tests/test_phase10_height_adjusted.py,tests/test_height_adjustment_height_adjusted.py
tests/test_phase11_height_context.py,tests/test_context_height_height_context.py
tests/test_phase12_track_assisted.py,tests/test_track_assisted.py
tests/test_phase13_conventional_radiometry.py,tests/test_acquisition_replication_conventional_radiometry.py
tests/test_phase13_error_decomposition.py,tests/test_acquisition_replication_error_decomposition.py
tests/test_phase13_target_free_acquisition.py,tests/test_acquisition_replication_target_free_acquisition.py
tests/test_phase13_track_replication.py,tests/test_acquisition_replication_track_replication.py
tests/test_phase14_scotland_lidar.py,tests/test_scotland_lidar.py
tests/test_phase15_arran_lidar.py,tests/test_arran_lidar.py
tests/test_phase16_scotland_evidence.py,tests/test_scotland_evidence.py
tests/test_phase17_cairngorms_heterogeneity.py,tests/test_cairngorms_heterogeneity.py
tests/test_phase18_cairngorms_spatial_heads.py,tests/test_cairngorms_spatial_heads.py
tests/test_phase19_cairngorms_diagnostics.py,tests/test_cairngorms_diagnostics.py
tests/test_phase20_cairngorms_components.py,tests/test_cairngorms_components.py
tests/test_phase21_cairngorms_surface.py,tests/test_cairngorms_surface.py
tests/test_phase24_cairngorms_height.py,tests/test_cairngorms_height_diagnostic_cairngorms_height.py
tests/test_phase25_cairngorms_corrected_lidar.py,tests/test_cairngorms_point_cloud_cairngorms_corrected_lidar.py
tests/test_phase26_ahn4_cohort.py,tests/test_ahn4_replication_ahn4_cohort.py
tests/test_phase26_ahn4_conventional.py,tests/test_ahn4_replication_ahn4_conventional.py
tests/test_phase26_ahn4_evaluation.py,tests/test_ahn4_replication_ahn4_evaluation.py
tests/test_phase26_ahn4_selection.py,tests/test_ahn4_replication_ahn4_selection.py
tests/test_phase26_ahn4_tessera.py,tests/test_ahn4_replication_ahn4_tessera.py
tests/test_phase27_tessera_v2.py,tests/test_tessera_v2.py
tests/test_phase28_cairngorms_v2_unet.py,tests/test_cairngorms_v2_unet.py
tests/test_phase29_cairngorms_v2_surface.py,tests/test_cairngorms_v2_surface.py
tests/test_phase30_cairngorms_v2_height.py,tests/test_cairngorms_v2_height.py
tests/test_phase31_cairngorms_v2_height_strict.py,tests/test_cairngorms_v2_height_strict.py
tests/test_phase32_scotland_netherlands_transfer.py,tests/test_scotland_netherlands_transfer.py
tests/test_phase33_flip_augmentation.py,tests/test_reflection_augmentation_flip_augmentation.py
tests/test_phase36_dutch_multisite_transfer.py,tests/test_dutch_multisite_transfer.py
tests/test_phase37_dutch_expanded_transfer.py,tests/test_dutch_expanded_transfer.py
tests/test_phase38_dutch_reference_assisted.py,tests/test_dutch_reference_assisted.py
tests/test_phase39_dutch_rank_transfer.py,tests/test_dutch_rank_transfer.py
tests/test_phase40_reference_uncertainty.py,tests/test_reference_uncertainty.py
tests/test_phase7_expansion.py,tests/test_expanded_loso_expansion.py
tests/test_phase8_paper_analysis.py,tests/test_fair_baselines_paper_analysis.py
